STAGE12 1 20 50 20260808
BLOCK 0 20260808 4 65 25
BANK 0 -2622 -951 -3052 1596 -51 -762 4397 -3223 -880 5607 -6307 -6373 -951 931 -1240 1595 973 1787 366 -644 66 -4327 321 896 -2481 -71 -246 488 2682 367 -2127 -2529
BANK 1 2993 257 2484 2210 -89 1835 160 -1869 121 5280 -2464 3331 1203 2441 4397 829 -3020 2463 -1794 -2122 -1121 3140 -6047 -1476 -722 -582 -4510 789 -471 -2133 -4227 -852
VECTOR 0 0 0 -11585 11585 11585 11585 11585 11585 -11585 11585 -1088 2602 0 -4878 -15572 0 1008 -4192 0 6215 907 0 5.62301463536433042e-05 1.05928822664368708e-04
VECTOR 1 0 0 11585 -11585 11585 -11585 11585 11585 11585 -11585 -2223 -1495 0 -6703 6531 0 5722 -2745 0 -3289 4095 0 4.92283342594002120e-05 1.46405101561992382e-04
VECTOR 2 0 0 11585 11585 11585 -11585 11585 11585 -11585 -11585 -7096 -645 0 -12879 3031 0 2741 -2636 0 -180 4163 0 4.97155945553178012e-05 1.40971997637864940e-04
VECTOR 3 0 0 11585 11585 11585 11585 -11585 11585 11585 11585 1495 -2223 0 -6531 -6703 0 2745 5722 0 -4095 -3289 0 4.92283342594002120e-05 1.46405101561992382e-04
VECTOR 4 0 0 11585 11585 11585 11585 11585 11585 11585 11585 1423 -3301 0 -7876 -5387 0 2838 -397 0 -302 -2770 0 8.29787559950994930e-05 1.54235797255094018e-04
VECTOR 5 0 0 11585 -11585 11585 -11585 -11585 11585 11585 11585 2407 5801 0 -7614 3461 0 4361 3828 0 -3505 568 0 5.36649011061795419e-05 1.22810648877232922e-04
VECTOR 6 0 0 11585 11585 11585 -11585 -11585 11585 -11585 11585 -2466 6651 0 -13790 -40 0 1380 3937 0 -397 636 0 4.98541666542933867e-05 1.08587053257750731e-04
VECTOR 7 0 0 -11585 11585 -11585 11585 -11585 -11585 -11585 11585 2223 1495 0 6703 -6531 0 -5722 2745 0 3289 -4095 0 4.92283342594002120e-05 1.46405101561992382e-04
VECTOR 8 0 0 11585 11585 11585 -11585 11585 11585 -11585 -11585 -7096 -645 0 -12879 3031 0 2741 -2636 0 -180 4163 0 4.97155945553178012e-05 1.40971997637864940e-04
VECTOR 9 0 0 11585 -11585 -11585 11585 11585 11585 11585 11585 4394 -1850 0 8973 4870 0 4848 -863 0 -54 49 0 6.68676083922025788e-05 1.14752625379824385e-04
VECTOR 10 0 0 11585 11585 -11585 11585 -11585 -11585 11585 11585 4733 -4408 0 3705 3654 0 -3892 6539 0 -3228 -7772 0 4.30712730030726238e-05 9.55888907241795612e-05
VECTOR 11 0 0 -11585 -11585 -11585 -11585 11585 11585 -11585 11585 4141 8369 0 2958 3605 0 2107 -5175 0 7152 4074 0 6.56142264725198678e-05 1.42558649375615170e-04
VECTOR 12 0 0 11585 11585 -11585 -11585 11585 -11585 -11585 -11585 -3858 -2830 0 -2643 13388 0 -3896 -1819 0 687 -320 0 4.59121805956127816e-05 1.10298876155394431e-04
VECTOR 13 0 0 11585 11585 -11585 11585 11585 11585 11585 11585 5739 -5558 0 1044 3626 0 2321 513 0 46 -3460 0 7.22684170993410208e-05 1.77310010840529315e-04
VECTOR 14 0 0 11585 -11585 -11585 11585 11585 11585 11585 -11585 -164 -8068 0 11229 6624 0 6115 -1317 0 -3631 3057 0 3.54931854507541935e-05 8.05729479072560658e-05
VECTOR 15 0 0 11585 -11585 -11585 11585 11585 -11585 11585 -11585 -1242 -7996 0 12545 7969 0 -4 -1410 0 -3112 -736 0 3.14273844077599324e-05 7.35665228818466329e-05
VECTOR 16 0 0 -11585 -11585 -11585 11585 -11585 -11585 -11585 -11585 -3680 -1015 0 16888 -3533 0 -1928 915 0 -388 2422 0 4.66901781728374884e-05 8.13124150327687557e-05
VECTOR 17 0 0 -11585 11585 -11585 -11585 11585 -11585 11585 11585 10626 175 0 -5408 5961 0 -6085 -2625 0 4764 -6804 0 4.49247632049481590e-05 5.93149931988532609e-05
VECTOR 18 0 0 11585 -11585 -11585 -11585 -11585 11585 -11585 11585 505 8102 0 3059 10217 0 3390 3472 0 -149 3454 0 4.39758756762984322e-05 1.17156300548583079e-04
VECTOR 19 0 0 -11585 -11585 11585 -11585 11585 -11585 11585 11585 4965 6140 0 -6398 -1807 0 -3040 -4911 0 4315 -2606 0 8.13595615057816681e-05 1.42034321604747772e-04
VECTOR 20 0 0 11585 -11585 -11585 -11585 11585 11585 11585 -11585 2093 -3752 0 2216 15543 0 5204 -1834 0 -2941 3405 0 3.39391624329562065e-05 1.14268799320581266e-04
VECTOR 21 0 0 11585 -11585 -11585 11585 11585 -11585 11585 11585 3316 -1778 0 10290 6215 0 -1271 -956 0 465 -3744 0 6.74310356332113189e-05 1.25249838574082535e-04
VECTOR 22 0 0 -11585 -11585 11585 11585 11585 -11585 11585 11585 2708 1824 0 2615 -10727 0 -2130 -4394 0 3625 -2954 0 6.18328959002972946e-05 1.69826567367135434e-04
VECTOR 23 0 0 -11585 11585 -11585 11585 -11585 11585 11585 -11585 4961 -9353 0 5889 -3866 0 2118 3651 0 -3815 -870 0 7.36083225086136774e-05 1.50057486462940287e-04
VECTOR 24 0 0 11585 11585 11585 -11585 11585 -11585 -11585 -11585 -8174 -573 0 -11562 4375 0 -3378 -2729 0 339 370 0 6.29828421090648002e-05 1.30552030466572115e-04
VECTOR 25 1 65 -11585 -11585 -11585 11585 -11585 11585 -11585 11585 -5280 -2030 0 -3237 -6269 0 10538 -5619 0 8163 -4036 0 2.90297657170773870e-05 1.11487614195363201e-04
VECTOR 26 1 65 -11585 -11585 -11585 -11585 -11585 11585 11585 11585 -1928 -8186 0 7692 -1612 0 -1015 -5170 0 3301 1137 0 5.59920566690322142e-05 1.35134266191275969e-04
VECTOR 27 1 65 -11585 -11585 11585 -11585 11585 11585 -11585 11585 1232 177 0 -310 5378 0 3415 -1643 0 2234 441 0 1.51819350690886491e-04 2.43533693560510822e-04
VECTOR 28 1 65 11585 -11585 -11585 -11585 11585 11585 11585 11585 2179 -5228 0 9564 9307 0 -6871 2754 0 1614 -2703 0 5.92407653804614311e-05 9.27926883340647840e-05
VECTOR 29 1 65 11585 11585 11585 -11585 -11585 -11585 11585 -11585 5406 -565 0 1536 2817 0 -8952 1179 0 -7497 7053 0 6.01341294157077888e-05 7.95453013165007606e-05
VECTOR 30 1 65 -11585 -11585 11585 11585 11585 -11585 -11585 11585 702 3816 0 -1568 192 0 10856 -2594 0 -1898 -5271 0 5.42967828252909421e-05 1.10658532467978804e-04
VECTOR 31 1 65 11585 -11585 11585 11585 11585 -11585 -11585 11585 4935 4180 0 -1397 7659 0 6585 889 0 -2919 -6094 0 4.72566736383300300e-05 1.49446888229572676e-04
VECTOR 32 1 65 11585 11585 11585 -11585 11585 11585 -11585 11585 5102 4774 0 -7605 13016 0 -4339 -2430 0 2036 -1403 0 5.70412342943129257e-05 1.27852607167229168e-04
VECTOR 33 1 65 -11585 11585 -11585 -11585 -11585 11585 11585 -11585 -4935 -4180 0 1397 -7659 0 -6585 -889 0 2919 6094 0 4.72566736383300300e-05 1.49446888229572676e-04
VECTOR 34 1 65 -11585 11585 -11585 -11585 11585 -11585 -11585 -11585 -2692 1184 0 332 -7081 0 4822 7224 0 5214 4948 0 5.70416334312491896e-05 2.04724903812748886e-04
VECTOR 35 1 65 -11585 -11585 -11585 -11585 -11585 11585 -11585 11585 -2155 -5543 0 1474 -2785 0 7537 -3082 0 9278 2342 0 6.77878587792881944e-05 1.38798454524592424e-04
VECTOR 36 1 65 11585 11585 11585 -11585 -11585 11585 11585 -11585 2811 -691 0 -1916 4518 0 -13393 -407 0 -4480 6386 0 4.99969883560410122e-05 1.36338718684622537e-04
VECTOR 37 1 65 11585 -11585 -11585 -11585 11585 11585 11585 -11585 -465 -5454 0 10736 3089 0 -8958 11306 0 409 3275 0 4.95340664778411258e-05 1.04802616040320485e-04
VECTOR 38 1 65 11585 11585 11585 11585 11585 11585 -11585 -11585 -667 8060 0 -11144 3313 0 -3426 3584 0 -284 -1803 0 4.47625881080814019e-05 1.51996690579133482e-04
VECTOR 39 1 65 -11585 -11585 11585 -11585 -11585 -11585 -11585 -11585 1310 -2518 0 2613 -5993 0 7353 4054 0 -1321 10102 0 5.34579763589320306e-05 8.95778377503503732e-05
VECTOR 40 1 65 11585 -11585 -11585 11585 -11585 -11585 -11585 -11585 -1095 -1767 0 1558 -6722 0 8620 8001 0 2920 1785 0 5.78866356519707037e-05 1.17170044263579718e-04
VECTOR 41 1 65 -11585 -11585 -11585 11585 11585 11585 -11585 -11585 -8049 339 0 -363 -9035 0 6865 7373 0 6292 -1075 0 4.36588300873587480e-05 1.05461347330200095e-04
VECTOR 42 1 65 -11585 -11585 -11585 11585 -11585 11585 -11585 -11585 -7923 -2256 0 -2065 -12487 0 8450 2932 0 6958 1942 0 4.45988125028802456e-05 8.58319615319702681e-05
VECTOR 43 1 65 -11585 11585 11585 11585 -11585 11585 11585 -11585 -4547 2459 0 -6798 -6433 0 -6121 -6427 0 -4575 832 0 5.60883810832115592e-05 2.07705019540959811e-04
VECTOR 44 1 65 -11585 11585 11585 -11585 11585 11585 11585 11585 1095 1767 0 -1558 6722 0 -8620 -8001 0 -2920 -1785 0 5.78866356519707037e-05 1.17170044263579718e-04
VECTOR 45 1 65 11585 11585 11585 11585 -11585 11585 11585 11585 2328 3048 0 -7799 7252 0 -8305 -11495 0 -4391 -5969 0 3.58881458450866376e-05 1.10441128285513650e-04
VECTOR 46 1 65 -11585 11585 11585 -11585 -11585 -11585 11585 11585 3816 -702 0 192 1568 0 -2594 -10856 0 -5271 1898 0 5.42967828252909421e-05 1.10658532467978804e-04
VECTOR 47 1 65 11585 -11585 11585 11585 -11585 11585 11585 -11585 49 -1411 0 840 863 0 -6909 1327 0 -6419 1030 0 7.65914044103085034e-05 2.30157913757428296e-04
VECTOR 48 1 65 11585 11585 11585 11585 -11585 11585 11585 -11585 -315 2822 0 -6627 1034 0 -10392 -2944 0 -5596 8 0 5.40912725175852135e-05 1.49455438366922892e-04
VECTOR 49 1 65 -11585 -11585 11585 11585 11585 -11585 -11585 -11585 -1941 3590 0 -396 -6026 0 8769 5957 0 -3103 707 0 4.18404680853393210e-05 1.56229697184477004e-04
END_BLOCK
BLOCK 1 20260809 16 102 25
BANK 0 -1248 -1620 1739 -750 843 1615 -2858 703 -3033 1235 -3475 -799 407 4471 -2040 -367 -1769 656 -1902 -2768 2225 1954 2096 17 1786 6262 -5811 355 -878 -4177 3387 3976
BANK 1 686 1949 1388 -3031 -5123 -619 -1009 973 717 -4062 2207 2975 -740 770 -1854 618 -1745 2663 4092 3708 -5289 443 -3750 960 4911 3601 -2832 -1113 391 -1033 -2533 2
VECTOR 0 0 0 15543 -5181 -15543 15543 5181 -15543 15543 5181 -3769 693 0 4119 -373 0 7500 1189 0 6566 3881 0 6.60587736197081944e-05 2.53684247899188650e-04
VECTOR 1 0 0 15543 5181 -5181 15543 -5181 -5181 15543 15543 -3644 -2866 0 -1713 -6657 0 3228 -183 0 -387 9464 0 4.89813596177857090e-05 1.44722471876466220e-04
VECTOR 2 0 0 -15543 15543 5181 -15543 -15543 15543 5181 -15543 -9 667 0 -5772 -3041 0 -5457 -3097 0 503 2553 0 8.95404912439083444e-05 3.49149387794438801e-04
VECTOR 3 0 0 -15543 5181 -15543 15543 15543 15543 -5181 5181 707 4709 0 3447 -571 0 5490 4262 0 2303 -16207 0 2.70671017941424345e-05 6.22573490441411079e-05
VECTOR 4 0 0 15543 -15543 -15543 -15543 -15543 5181 15543 5181 -9326 -2794 0 -2786 2997 0 -2623 6260 0 17594 17950 0 2.91663046323716539e-05 6.56821671523245463e-05
VECTOR 5 0 0 -15543 -5181 5181 -15543 5181 -5181 5181 -5181 606 1415 0 2192 4646 0 648 123 0 -485 -1737 0 1.18458681620146552e-04 1.84116013525785998e-04
VECTOR 6 0 0 -15543 -15543 -5181 -5181 5181 -15543 -5181 15543 896 -815 0 10259 2266 0 3905 3023 0 -2887 -4442 0 6.89646363003279105e-05 2.15392193899282576e-04
VECTOR 7 0 0 15543 5181 -5181 -5181 -15543 -5181 -5181 -5181 -622 -3361 0 -865 -2045 0 -4310 -1686 0 1362 10143 0 6.96601333590111786e-05 1.26795211370320303e-04
VECTOR 8 0 0 5181 5181 -15543 -15543 5181 15543 -15543 15543 -1465 -3913 0 -640 3699 0 -4743 8779 0 1134 5008 0 5.17058261259394065e-05 1.96255072222969844e-04
VECTOR 9 0 0 -15543 -15543 15543 5181 -5181 15543 -5181 -5181 861 3530 0 -2836 -418 0 -1843 -1347 0 3048 -10976 0 5.93321397041269091e-05 1.57004897332604627e-04
VECTOR 10 0 0 5181 5181 -15543 5181 5181 -5181 15543 15543 -3896 -1446 0 2155 -1908 0 5207 3591 0 1828 6312 0 7.70016669620931561e-05 2.07782200974220092e-04
VECTOR 11 0 0 -15543 -5181 -5181 -15543 5181 -5181 -15543 15543 2232 -2615 0 7435 3035 0 -822 4503 0 -6123 -2707 0 5.45182987158813513e-05 1.48587248232550176e-04
VECTOR 12 0 0 15543 5181 5181 15543 5181 5181 15543 -15543 -1699 3637 0 -7177 -207 0 2229 -3268 0 5568 65 0 7.30843265350244634e-05 1.28434872231174925e-04
VECTOR 13 0 0 -5181 -5181 -15543 15543 -15543 -15543 -5181 -5181 803 1618 0 9789 -5837 0 4283 -3459 0 3648 -5927 0 6.16029571939403993e-05 1.38007977719910752e-04
VECTOR 14 0 0 5181 -15543 -15543 -5181 15543 15543 -5181 -5181 -3425 3847 0 -70 10513 0 592 8409 0 15446 -5337 0 4.26721452756710171e-05 7.58734040193031849e-05
VECTOR 15 0 0 15543 5181 15543 -15543 15543 15543 -15543 15543 1579 -5339 0 -8894 5792 0 -8063 5178 0 -9317 7001 0 4.91584548567044452e-05 1.73874577987869286e-04
VECTOR 16 0 0 15543 -5181 -5181 -15543 -15543 -5181 5181 15543 -4817 -6842 0 -1415 -742 0 -4341 3298 0 2660 19487 0 3.86407730467105235e-05 7.52593272292022909e-05
VECTOR 17 0 0 -15543 5181 -15543 -5181 15543 -15543 5181 -5181 1460 3162 0 9397 4111 0 7032 1131 0 -517 -6818 0 6.35369587772206443e-05 8.61164066024147965e-05
VECTOR 18 0 0 15543 15543 15543 15543 -15543 -15543 -5181 -5181 4573 -3433 0 -2203 -9627 0 -2393 -10119 0 -13039 4926 0 3.57120595665856724e-05 3.92988823801124131e-05
VECTOR 19 0 0 5181 -15543 15543 -15543 -5181 15543 -5181 -15543 -1221 1088 0 -7915 6830 0 -7571 563 0 8271 2153 0 5.86402877522425873e-05 8.94686995520033792e-05
VECTOR 20 0 0 15543 5181 15543 -15543 -5181 5181 15543 5181 -3444 -4774 0 -10684 473 0 -5654 6 0 -1907 18241 0 3.55033430809211642e-05 3.99561101435657717e-05
VECTOR 21 0 0 15543 15543 5181 -15543 15543 15543 -15543 15543 1503 -5654 0 -7478 4379 0 -7275 5810 0 -9602 7906 0 4.57945418141500463e-05 2.01262599243055308e-04
VECTOR 22 0 0 -5181 15543 15543 -5181 -15543 -15543 15543 5181 1143 -4502 0 -1726 -8548 0 -1017 -7196 0 -13080 11527 0 3.73985530439306822e-05 1.14097510957584364e-04
VECTOR 23 0 0 -5181 15543 -5181 -5181 5181 -5181 -5181 -5181 3048 -59 0 2705 130 0 327 -1163 0 -5968 -1932 0 8.27551208461700557e-05 1.61888008520700942e-04
VECTOR 24 0 0 -15543 15543 -15543 -5181 -5181 -5181 -5181 5181 1759 -1389 0 6796 -4264 0 1231 263 0 -5381 -1333 0 8.28647933844653552e-05 9.80986691626976599e-05
VECTOR 25 1 102 -5181 15543 15543 15543 5181 15543 15543 15543 -787 -6614 0 -411 5250 0 -8171 -2622 0 -7901 -2579 0 4.69868838991892001e-05 1.14072835976389433e-04
VECTOR 26 1 102 -5181 -5181 15543 -15543 -5181 5181 5181 15543 -586 -7099 0 2223 -255 0 8229 -5721 0 -4757 -3013 0 6.27034658822147228e-05 1.19307464287381085e-04
VECTOR 27 1 102 -15543 5181 -15543 -15543 15543 5181 5181 -5181 -10135 -1654 0 -3 442 0 -5591 -10241 0 -4270 1825 0 5.86850359828615452e-05 1.38632864949730542e-04
VECTOR 28 1 102 15543 15543 -5181 -15543 -15543 -15543 -15543 15543 -206 5708 0 9263 -8581 0 6127 -4055 0 2133 9318 0 5.78445256228020418e-05 1.48568082672531057e-04
VECTOR 29 1 102 5181 -15543 -15543 -5181 5181 15543 -15543 15543 -1208 -4534 0 -4572 -8289 0 -181 -11660 0 10809 -3929 0 4.63124948507770881e-05 9.32877209263134551e-05
VECTOR 30 1 102 -5181 -15543 15543 5181 5181 15543 5181 15543 1632 -9409 0 -5064 2103 0 1598 -2506 0 -171 -10107 0 5.37210953935191298e-05 1.18395799269876718e-04
VECTOR 31 1 102 -15543 -5181 15543 15543 -5181 -5181 -5181 15543 4978 -3074 0 -2216 6579 0 4950 3096 0 -4802 -10912 0 5.05877577287613297e-05 1.13175519618041222e-04
VECTOR 32 1 102 -15543 5181 -5181 -15543 -5181 15543 15543 5181 -3639 -6051 0 278 100 0 428 -13565 0 -7505 1074 0 3.84629126321199059e-05 8.69444326356521837e-05
VECTOR 33 1 102 5181 5181 -5181 5181 5181 15543 5181 5181 -1539 -2837 0 -1874 -2150 0 -7443 -5348 0 1964 1392 0 8.13067389044799170e-05 1.10691326521854179e-04
VECTOR 34 1 102 5181 -5181 5181 -5181 -15543 15543 15543 -5181 5111 -4029 0 -1011 -1528 0 4100 -2069 0 -349 2283 0 8.36635053223314524e-05 1.84355651395479880e-04
VECTOR 35 1 102 -5181 5181 -15543 15543 -15543 5181 -5181 15543 5177 1495 0 -3400 -2136 0 -2537 -6983 0 1806 -2517 0 8.96952266893717292e-05 1.44964990669204280e-04
VECTOR 36 1 102 -15543 5181 5181 15543 15543 15543 -15543 -5181 -961 -7325 0 -998 7143 0 -2987 -2346 0 -1883 -4712 0 5.30137500211018680e-05 1.51525750081674436e-04
VECTOR 37 1 102 -15543 -15543 -15543 -5181 -5181 -5181 15543 -15543 313 3633 0 -6382 1989 0 638 318 0 -1759 -3516 0 8.42229717587522907e-05 2.02184848680086928e-04
VECTOR 38 1 102 15543 -5181 15543 5181 15543 15543 -15543 5181 -81 -7494 0 680 -1704 0 -288 1196 0 7216 -1500 0 5.57795216260300718e-05 1.53479994309306127e-04
VECTOR 39 1 102 15543 -5181 5181 -5181 -5181 -5181 5181 15543 930 1401 0 339 -5410 0 1369 1235 0 3297 207 0 1.09752727613290530e-04 2.37869037332707545e-04
VECTOR 40 1 102 15543 15543 15543 15543 15543 5181 -15543 -15543 210 -1232 0 5205 3412 0 -4507 9665 0 2714 5877 0 5.08198436975742227e-05 1.10487481938939238e-04
VECTOR 41 1 102 5181 5181 15543 5181 5181 -5181 15543 5181 -1205 425 0 719 2940 0 -4078 6639 0 -4527 -509 0 6.60055417928615673e-05 1.48026920103609509e-04
VECTOR 42 1 102 15543 15543 -15543 15543 5181 -15543 -15543 -15543 34 11390 0 2459 -1784 0 -8365 9040 0 6534 8148 0 4.67639007714322087e-05 1.22199696443634235e-04
VECTOR 43 1 102 5181 -15543 5181 -5181 15543 -5181 -15543 -15543 -1629 -365 0 -102 415 0 4032 7116 0 6171 -1679 0 6.95875711956526761e-05 1.23559040694553413e-04
VECTOR 44 1 102 -15543 5181 -5181 -15543 15543 15543 -15543 15543 -8820 -9318 0 2469 -1271 0 246 -17198 0 -2206 -1839 0 2.71377813458426589e-05 6.06535627799713236e-05
VECTOR 45 1 102 15543 5181 -15543 15543 5181 -15543 -5181 -15543 628 11572 0 -1282 -1846 0 -9053 10750 0 7209 5043 0 3.44786030713490686e-05 8.69156474378943975e-05
VECTOR 46 1 102 5181 -15543 5181 -15543 -5181 15543 5181 -15543 2441 -5709 0 -603 -2109 0 7763 -1508 0 3075 1916 0 6.50291420639131815e-05 1.62670787422412145e-04
VECTOR 47 1 102 15543 15543 -15543 15543 -5181 5181 -5181 5181 2188 4641 0 -1 -5161 0 -9167 -2067 0 5989 6093 0 4.44058974306815588e-05 1.07088430098655098e-04
VECTOR 48 1 102 -15543 -15543 5181 -5181 15543 -5181 5181 -5181 -4389 -2238 0 -3744 5162 0 889 2590 0 -3246 -7833 0 9.06435299913221568e-05 1.12162455657673893e-04
VECTOR 49 1 102 -5181 -15543 -15543 -5181 5181 -5181 5181 15543 -3701 1944 0 -6396 -4002 0 -3260 -5440 0 3192 -6699 0 4.33606097215707972e-05 8.91136460276415913e-05
END_BLOCK
BLOCK 2 20260810 64 139 25
BANK 0 1248 2571 -3743 2213 -376 2822 -2814 -226 -1108 1808 -1078 273 -3057 2335 -1681 -2808 -735 2980 7275 1242 1666 753 -4916 -590 -693 468 5574 2567 -817 318 -3043 -1702
BANK 1 1493 4919 -265 -4626 3359 -881 -791 47 -3380 -2048 -835 2395 1643 2270 -192 4814 1975 4306 -926 662 1775 -4039 -1076 -1972 2155 -3739 -248 200 5908 -188 -1077 -810
VECTOR 0 0 0 -12641 12641 -12641 2528 -12641 -12641 -17697 2528 5142 -5383 0 6659 704 0 -2840 -4690 0 -98 -262 0 6.37579375975371322e-05 1.10008897788113757e-04
VECTOR 1 0 0 12641 12641 2528 -17697 -7584 -2528 -12641 7584 3677 4954 0 2251 2526 0 3009 -8360 0 6300 -5915 0 5.17914038577252221e-05 1.34133357817344694e-04
VECTOR 2 0 0 -2528 -17697 -2528 -7584 -2528 7584 17697 7584 3 -2510 0 1291 -4212 0 -2858 -5483 0 -1580 -5974 0 7.95662311559952004e-05 1.76538601395512853e-04
VECTOR 3 0 0 -2528 12641 -17697 -12641 -17697 -2528 -2528 2528 4885 -2326 0 4506 -2474 0 -9919 -9719 0 -2631 -8105 0 5.25964208690260406e-05 1.21164444288233354e-04
VECTOR 4 0 0 -7584 17697 7584 -17697 2528 2528 17697 17697 -5986 2319 0 -1259 -5703 0 -2701 -15030 0 3545 -11000 0 3.67102590138212071e-05 8.70751769716356582e-05
VECTOR 5 0 0 -2528 -7584 12641 -7584 -12641 -7584 12641 -7584 -1545 1591 0 1145 -831 0 2678 -2061 0 3454 -123 0 1.54862409715280795e-04 2.86332066254287520e-04
VECTOR 6 0 0 -7584 -17697 12641 2528 12641 7584 -7584 -17697 -1568 3739 0 -4102 3906 0 11556 8430 0 3523 7314 0 5.78292619998624162e-05 1.35503958797698740e-04
VECTOR 7 0 0 12641 17697 -2528 -17697 -2528 12641 12641 2528 -3102 5699 0 -4540 -3824 0 -8107 -6589 0 -1332 -9266 0 3.58872218072177790e-05 1.06843164239880099e-04
VECTOR 8 0 0 -17697 7584 -2528 2528 -7584 -17697 17697 17697 -1875 -7302 0 5639 -5302 0 -6530 -10723 0 -1451 -4752 0 4.51388470876407685e-05 1.37301119932131574e-04
VECTOR 9 0 0 -7584 -2528 7584 12641 -2528 12641 -17697 -7584 -2805 -2425 0 -732 -279 0 7408 9004 0 3372 7947 0 4.53060329508595799e-05 8.26867806116685132e-05
VECTOR 10 0 0 12641 -7584 -17697 -7584 17697 -2528 -7584 -12641 8378 6130 0 -3057 7703 0 -2735 2553 0 -5889 -1066 0 6.01542946369006728e-05 8.89932139555116666e-05
VECTOR 11 0 0 -2528 -12641 -2528 -12641 12641 -7584 -2528 7584 5631 2270 0 2224 4237 0 4914 -8072 0 2363 -4757 0 5.89296584965658734e-05 1.66841818542950743e-04
VECTOR 12 0 0 -17697 2528 -17697 -12641 2528 17697 -17697 17697 4183 -4853 0 4148 -3311 0 -1175 -13044 0 1292 -9968 0 3.96949622206956690e-05 1.51639743328584275e-04
VECTOR 13 0 0 -17697 -2528 17697 17697 -12641 -2528 -12641 17697 -4244 -9607 0 7065 -3631 0 11031 401 0 8934 6302 0 4.46521025997789929e-05 8.00403007672864148e-05
VECTOR 14 0 0 -12641 -7584 7584 17697 7584 -2528 -12641 -7584 -1568 -2739 0 -160 2577 0 8380 9296 0 1790 10164 0 4.86619800070901617e-05 1.05414724673984873e-04
VECTOR 15 0 0 17697 12641 -17697 17697 -12641 -7584 -2528 12641 3222 -6833 0 4143 -1611 0 -12016 4114 0 -7343 1266 0 4.35632192415828312e-05 9.36549346854939553e-05
VECTOR 16 0 0 12641 2528 -7584 12641 -7584 -12641 7584 -17697 1396 183 0 -1440 2060 0 -8456 10627 0 -7791 6349 0 4.17308993825664975e-05 1.47154913061787562e-04
VECTOR 17 0 0 -12641 17697 2528 2528 12641 7584 -12641 -17697 -4328 4345 0 -6482 1653 0 2372 5338 0 225 4614 0 7.04174289303452353e-05 1.97719356350319297e-04
VECTOR 18 0 0 -2528 -7584 -17697 -12641 12641 2528 -7584 -17697 7081 4787 0 -2591 5216 0 -2599 -653 0 -4826 -2631 0 5.98777805907951637e-05 1.03288473128477847e-04
VECTOR 19 0 0 -17697 -2528 -7584 17697 -7584 -7584 -2528 7584 410 -10437 0 5735 -3083 0 -2846 873 0 -2749 3519 0 5.72075780095016674e-05 1.15406466432388480e-04
VECTOR 20 0 0 -2528 12641 -2528 -2528 -12641 -17697 2528 -17697 1403 2036 0 573 1873 0 -4985 497 0 -2052 1798 0 1.36824932293250971e-04 3.21510547345106200e-04
VECTOR 21 0 0 -12641 -2528 12641 -12641 12641 -2528 2528 -7584 -2140 5922 0 -3045 2436 0 7968 -4332 0 5049 -1057 0 5.60200874541369725e-05 1.38347844334913681e-04
VECTOR 22 0 0 -17697 17697 -17697 2528 -17697 -2528 12641 7584 -1649 -8864 0 4031 -8606 0 -15678 -8033 0 -6802 -6106 0 2.84859918800161562e-05 1.32929519086253447e-04
VECTOR 23 0 0 17697 12641 2528 -12641 -17697 17697 -12641 12641 198 1518 0 1696 -2983 0 623 -5121 0 5931 -6194 0 5.42647040199401584e-05 2.06994368578193198e-04
VECTOR 24 0 0 2528 2528 -7584 -2528 -2528 -2528 -7584 -12641 3492 2041 0 -465 2856 0 -2070 2342 0 -2093 1130 0 1.37127961401698313e-04 2.32234797879591769e-04
VECTOR 25 1 139 17697 12641 7584 2528 17697 -12641 -2528 -12641 1515 1343 0 4443 -3251 0 -4274 1741 0 10844 -6127 0 6.10288102184161207e-05 1.21448434792179616e-04
VECTOR 26 1 139 -2528 -17697 -12641 12641 -17697 -17697 17697 12641 3386 -2243 0 -6139 2300 0 -1371 -4538 0 -11457 -9981 0 4.13605353011445062e-05 1.37830545232569949e-04
VECTOR 27 1 139 12641 -7584 2528 17697 17697 -2528 7584 -17697 11562 1510 0 964 4086 0 1325 -2877 0 4657 -4446 0 5.86423658343419919e-05 1.90542114357983999e-04
VECTOR 28 1 139 7584 7584 -17697 -17697 -17697 17697 2528 -12641 -9059 13448 0 2330 -3984 0 1394 9998 0 -3757 6609 0 3.77301731810202374e-05 1.22826803015754240e-04
VECTOR 29 1 139 -7584 2528 17697 -12641 -7584 7584 12641 2528 -7070 -4962 0 124 7052 0 -1546 745 0 -3888 4501 0 3.81996546700497365e-05 1.58305246364928373e-04
VECTOR 30 1 139 2528 -2528 -17697 12641 17697 7584 -2528 -17697 9054 6771 0 4170 -349 0 3281 -3144 0 5629 2503 0 6.33020259846778406e-05 2.17232646847069976e-04
VECTOR 31 1 139 12641 -7584 7584 17697 -17697 7584 -2528 2528 5197 3054 0 -10068 -2273 0 2796 7037 0 -6402 -1161 0 4.05631826116448855e-05 1.22267075554324204e-04
VECTOR 32 1 139 2528 12641 -2528 -2528 7584 7584 17697 2528 -3137 3741 0 317 3817 0 -939 -1115 0 5070 2700 0 7.96870918193261880e-05 2.03712077830174289e-04
VECTOR 33 1 139 12641 -7584 -17697 2528 -2528 7584 -7584 -12641 4721 10339 0 -525 -4401 0 4987 4738 0 -782 -167 0 4.98255852960556182e-05 1.35752908019373176e-04
VECTOR 34 1 139 7584 -17697 -2528 -7584 7584 -7584 7584 17697 4634 -1295 0 -6017 5031 0 6599 -4580 0 114 -8335 0 6.03303162305906976e-05 1.45608054300635825e-04
VECTOR 35 1 139 7584 17697 -17697 17697 -2528 -17697 -2528 2528 -694 4979 0 448 -10985 0 -7618 1255 0 4265 -6281 0 5.80507185975413567e-05 9.45468051905843998e-05
VECTOR 36 1 139 17697 2528 -17697 2528 2528 -12641 2528 -2528 1577 7901 0 -84 -5594 0 -946 1967 0 3617 -8507 0 6.69343340034516391e-05 8.40013737248178138e-05
VECTOR 37 1 139 7584 2528 -2528 17697 -2528 17697 12641 -12641 4829 7346 0 -2846 2546 0 1415 3045 0 -768 4920 0 7.35325872349748262e-05 1.50274874558534768e-04
VECTOR 38 1 139 -7584 -12641 12641 2528 12641 2528 -17697 -12641 7232 -6641 0 3810 2228 0 3225 -3031 0 1021 2657 0 6.49647517078517369e-05 1.59865553494613750e-04
VECTOR 39 1 139 -12641 -2528 17697 12641 -2528 2528 17697 12641 1617 -9132 0 -4983 8999 0 -1662 -5690 0 -4083 1812 0 4.87410093710524364e-05 9.85180776862091715e-05
VECTOR 40 1 139 17697 -17697 7584 7584 -2528 7584 -2528 7584 8934 2754 0 -10861 1739 0 8724 3647 0 -2202 -3998 0 4.61685242260838095e-05 7.99855352389554662e-05
VECTOR 41 1 139 2528 2528 12641 12641 17697 17697 2528 12641 7258 -711 0 -7119 5187 0 6051 -2814 0 7607 4941 0 5.86142509211931911e-05 9.11270276629107229e-05
VECTOR 42 1 139 7584 17697 -17697 12641 -12641 -12641 7584 17697 -4455 5937 0 -5103 -8828 0 -6101 2369 0 823 -5762 0 4.20386530788553447e-05 1.72925767457372787e-04
VECTOR 43 1 139 -7584 -2528 -12641 17697 2528 17697 -7584 -17697 7156 5100 0 2396 -1176 0 2754 -440 0 -861 8867 0 5.43830352508523242e-05 1.73861102809306649e-04
VECTOR 44 1 139 12641 17697 -12641 2528 -7584 -17697 -12641 -7584 -5117 6046 0 3947 -13658 0 -7782 6774 0 3380 -5921 0 4.12639647880232499e-05 8.84975840022427001e-05
VECTOR 45 1 139 7584 -17697 -17697 17697 -17697 7584 17697 7584 7191 7566 0 -10723 2634 0 5553 701 0 -10072 -2978 0 3.61720814918415666e-05 1.08682492762143441e-04
VECTOR 46 1 139 12641 17697 -17697 2528 -12641 7584 -17697 -17697 -4440 13402 0 3225 -13930 0 -2697 11828 0 1755 4107 0 3.29915057198825457e-05 7.41216746808243826e-05
VECTOR 47 1 139 -17697 -12641 -17697 -2528 2528 7584 -17697 -12641 3572 551 0 6467 -1579 0 4076 -3588 0 -3377 6610 0 6.80981453897100614e-05 1.52637782303168435e-04
VECTOR 48 1 139 12641 17697 -2528 12641 12641 -2528 -7584 2528 2263 4575 0 -1151 -7005 0 -1947 1996 0 10738 -1627 0 6.22657156210032118e-05 1.14221187309155954e-04
VECTOR 49 1 139 -17697 12641 -2528 -7584 7584 -7584 7584 7584 -6749 -5632 0 5963 2051 0 -5639 -6903 0 3212 2090 0 4.94328567103865347e-05 9.02871002476640091e-05
END_BLOCK
BLOCK 3 20260811 4 176 25
BANK 0 -734 -808 1038 636 2098 -2437 -3106 -2402 -70 -663 -2421 637 -2785 1914 -144 419 -702 52 2641 4811 1739 -1591 -672 -5212 2390 -540 1201 718 7452 -1113 6445 783
BANK 1 -4604 -3274 -1771 -1239 -1645 -4322 5401 1093 2323 1015 -6232 -951 1784 -1218 132 -2771 -2352 -613 -724 -3299 -2873 -1026 -1711 -657 -2892 -608 3863 -2882 -2442 -1162 60 1147
VECTOR 0 0 0 11585 11585 11585 -11585 11585 -11585 -11585 -11585 1494 -687 0 -1060 4772 0 1631 2881 0 3907 -10201 0 7.54421396398264222e-05 1.21098719037755848e-04
VECTOR 1 0 0 -11585 11585 -11585 -11585 11585 -11585 -11585 -11585 1064 -443 0 2463 4809 0 -1112 -3996 0 -1171 -10452 0 6.61432451040514961e-05 1.67841693249728545e-04
VECTOR 2 0 0 -11585 -11585 -11585 -11585 11585 11585 -11585 11585 6765 -831 0 -1774 766 0 8583 -1495 0 -1468 5821 0 4.58063840632269085e-05 1.27818052495150481e-04
VECTOR 3 0 0 11585 11585 11585 11585 -11585 -11585 11585 -11585 -6765 831 0 1774 -766 0 -8583 1495 0 1468 -5821 0 4.58063840632269085e-05 1.27818052495150481e-04
VECTOR 4 0 0 -11585 11585 11585 11585 -11585 -11585 -11585 11585 2063 978 0 1484 -624 0 731 7842 0 -12134 2950 0 5.02501388699719335e-05 7.98833872189289799e-05
VECTOR 5 0 0 11585 -11585 11585 -11585 11585 -11585 -11585 -11585 351 351 0 -1998 4871 0 1704 3873 0 3144 -13580 0 6.63584091962040787e-05 1.18845184862254578e-04
VECTOR 6 0 0 -11585 -11585 -11585 -11585 11585 -11585 -11585 -11585 -78 595 0 1525 4908 0 -1038 -3004 0 -1935 -13832 0 5.27048165593145112e-05 1.07132312199794164e-04
VECTOR 7 0 0 11585 11585 11585 -11585 -11585 11585 11585 -11585 -2419 2330 0 -32 -1281 0 471 219 0 4057 3019 0 1.10385524088350796e-04 2.63657491535958894e-04
VECTOR 8 0 0 -11585 11585 11585 -11585 11585 -11585 -11585 11585 5929 -3936 0 -1553 5506 0 9994 1857 0 -580 -322 0 5.89744895676974249e-05 2.03608756739713650e-04
VECTOR 9 0 0 -11585 11585 -11585 11585 -11585 11585 -11585 -11585 644 7438 0 2794 -5260 0 -8124 4448 0 -11151 3359 0 4.48722987748111931e-05 9.31163697761785568e-05
VECTOR 10 0 0 11585 11585 11585 -11585 -11585 11585 -11585 -11585 1973 5727 0 172 -1873 0 1421 7590 0 -5057 1912 0 5.81885815166787698e-05 1.23337852331602542e-04
VECTOR 11 0 0 11585 -11585 -11585 -11585 -11585 11585 11585 -11585 -5030 2468 0 2454 -2082 0 -3190 -5592 0 1595 -1376 0 1.04941013746686214e-04 1.77389100248513394e-04
VECTOR 12 0 0 -11585 11585 11585 -11585 11585 -11585 -11585 11585 5929 -3936 0 -1553 5506 0 9994 1857 0 -580 -322 0 5.89744895676974249e-05 2.03608756739713650e-04
VECTOR 13 0 0 -11585 11585 11585 11585 11585 11585 -11585 -11585 5079 4891 0 -4569 -1652 0 -1930 9001 0 1086 2800 0 6.40065596522728042e-05 1.86380690430837761e-04
VECTOR 14 0 0 11585 11585 11585 11585 11585 11585 -11585 11585 7438 -644 0 -5260 -2794 0 4448 8124 0 3359 11151 0 4.48722987748111931e-05 9.31163697761785568e-05
VECTOR 15 0 0 -11585 11585 11585 -11585 11585 11585 -11585 -11585 5978 3423 0 -3668 1771 0 4873 5266 0 2101 1102 0 9.06224302964107675e-05 2.23228978885888104e-04
VECTOR 16 0 0 11585 11585 11585 11585 -11585 -11585 11585 11585 -3368 -3562 0 1182 -969 0 -1212 544 0 361 3294 0 1.62311859563464594e-04 3.35074674246171899e-04
VECTOR 17 0 0 11585 -11585 -11585 -11585 11585 -11585 -11585 11585 2280 -4940 0 834 3767 0 5340 -3881 0 338 -5481 0 8.89200788239705669e-05 1.91523969906137856e-04
VECTOR 18 0 0 11585 -11585 -11585 11585 -11585 11585 11585 11585 -2532 -456 0 961 -5710 0 -2623 -2807 0 -527 9437 0 5.62288309085582304e-05 1.76219643937382991e-04
VECTOR 19 0 0 -11585 -11585 -11585 11585 -11585 11585 -11585 -11585 -499 8476 0 1856 -5161 0 -8051 5440 0 -11915 -21 0 4.55783797962169468e-05 1.10421837130313493e-04
VECTOR 20 0 0 -11585 -11585 11585 -11585 -11585 11585 -11585 11585 5266 3515 0 -1259 -1040 0 9858 7559 0 -10308 8410 0 3.04407055821223513e-05 7.27461870166788878e-05
VECTOR 21 0 0 11585 -11585 -11585 11585 11585 11585 11585 -11585 -2962 490 0 -2385 -2799 0 -7535 -4107 0 11118 -1252 0 4.93452676378533495e-05 1.35553038521165405e-04
VECTOR 22 0 0 11585 -11585 -11585 -11585 11585 11585 11585 -11585 -2063 -978 0 -1484 624 0 -731 -7842 0 12134 -2950 0 5.02501388699719335e-05 7.98833872189289799e-05
VECTOR 23 0 0 -11585 11585 -11585 -11585 11585 11585 11585 11585 3515 -5266 0 -1040 1259 0 7559 -9858 0 8410 10308 0 3.04407055821223513e-05 7.27461870166788878e-05
VECTOR 24 0 0 -11585 -11585 11585 -11585 11585 -11585 11585 -11585 -3003 -1903 0 -2102 6401 0 1747 -3571 0 8878 -11709 0 4.93180766401910174e-05 1.17098398401907015e-04
VECTOR 25 1 176 -11585 11585 -11585 -11585 -11585 -11585 11585 -11585 8646 2361 0 -2615 3551 0 -93 5117 0 -536 1008 0 6.04376175262225240e-05 1.32141704586243117e-04
VECTOR 26 1 176 -11585 11585 -11585 11585 11585 11585 11585 11585 12638 -944 0 6894 -4275 0 2890 -3840 0 107 1459 0 4.59207666889441236e-05 9.30164523531882783e-05
VECTOR 27 1 176 -11585 -11585 11585 -11585 -11585 11585 11585 -11585 7623 4793 0 -8270 1444 0 -532 -285 0 5710 -2431 0 5.75216419254412427e-05 1.39571964213457540e-04
VECTOR 28 1 176 -11585 11585 -11585 -11585 11585 -11585 11585 -11585 6319 -3751 0 -92 1829 0 -4156 3666 0 -3989 -635 0 8.39750150919064519e-05 1.73620953971573945e-04
VECTOR 29 1 176 -11585 -11585 11585 11585 11585 11585 11585 -11585 7049 -3823 0 -4402 -9092 0 70 -2760 0 6333 1389 0 4.47259013974486087e-05 1.38888804502268151e-04
VECTOR 30 1 176 11585 -11585 -11585 11585 11585 -11585 11585 11585 -4615 3263 0 9892 -8648 0 -2754 2682 0 -6485 8143 0 3.66896929042282035e-05 1.15034560426805721e-04
VECTOR 31 1 176 -11585 11585 -11585 11585 -11585 11585 -11585 -11585 8872 -4016 0 266 1179 0 8443 960 0 5098 1396 0 6.50071493673488621e-05 1.10984054981725979e-04
VECTOR 32 1 176 11585 -11585 11585 11585 11585 11585 -11585 11585 -8646 -2361 0 2615 -3551 0 93 -5117 0 536 -1008 0 6.04376175262225240e-05 1.32141704586243117e-04
VECTOR 33 1 176 -11585 11585 -11585 11585 -11585 -11585 11585 11585 8852 7494 0 2649 -5076 0 5502 1674 0 1918 6556 0 5.67475334330366584e-05 1.29253316133527495e-04
VECTOR 34 1 176 -11585 -11585 -11585 11585 11585 11585 11585 -11585 9554 -2071 0 4411 -7747 0 1094 1906 0 870 5464 0 5.66761285104706069e-05 1.71190323479341450e-04
VECTOR 35 1 176 -11585 11585 -11585 11585 11585 11585 11585 11585 12638 -944 0 6894 -4275 0 2890 -3840 0 107 1459 0 4.59207666889441236e-05 9.30164523531882783e-05
VECTOR 36 1 176 11585 -11585 -11585 -11585 11585 11585 11585 11585 -255 3441 0 10270 2688 0 -5969 -357 0 -8918 -774 0 5.85769448539171620e-05 8.87645173145910861e-05
VECTOR 37 1 176 -11585 -11585 -11585 11585 11585 -11585 -11585 -11585 -4197 -1290 0 2502 -6351 0 2063 6898 0 -858 7296 0 7.45320595474898204e-05 1.27327204731166667e-04
VECTOR 38 1 176 11585 11585 11585 11585 -11585 11585 11585 -11585 7494 -8852 0 -5076 -2649 0 1674 -5502 0 6556 -1918 0 5.67475334330366584e-05 1.29253316133527495e-04
VECTOR 39 1 176 -11585 -11585 -11585 -11585 -11585 11585 -11585 -11585 2490 5000 0 356 6707 0 2911 5310 0 163 23 0 9.31502258901694449e-05 1.90149576829826714e-04
VECTOR 40 1 176 11585 11585 11585 -11585 11585 -11585 11585 11585 -4242 -2495 0 -1701 2106 0 -7576 -4286 0 -4238 -5486 0 7.44499054568862858e-05 1.29823441004872262e-04
VECTOR 41 1 176 11585 11585 -11585 11585 11585 11585 -11585 -11585 35 -14758 0 6074 892 0 1054 -1358 0 -2445 -1107 0 4.83068732509851282e-05 1.32020917240447983e-04
VECTOR 42 1 176 11585 11585 11585 11585 11585 -11585 11585 -11585 -944 -12638 0 -4275 -6894 0 -3840 -2890 0 1459 -107 0 4.59207666889441236e-05 9.30164523531882783e-05
VECTOR 43 1 176 11585 -11585 -11585 11585 11585 11585 -11585 11585 -6141 -609 0 11428 -2206 0 1116 -452 0 -4927 3067 0 4.77242888467491915e-05 1.16101026324299950e-04
VECTOR 44 1 176 -11585 -11585 -11585 11585 -11585 11585 -11585 11585 2696 10133 0 5620 -1919 0 8506 1866 0 2616 5570 0 4.69604852733206501e-05 6.88796936990480766e-05
VECTOR 45 1 176 11585 -11585 11585 11585 -11585 11585 11585 -11585 2864 -2341 0 -3640 -5934 0 807 -2176 0 5696 2172 0 6.94858937661006152e-05 2.23331259625485966e-04
VECTOR 46 1 176 11585 11585 11585 11585 11585 -11585 11585 11585 -2490 -5000 0 -356 -6707 0 -2911 -5310 0 -163 -23 0 9.31502258901694449e-05 1.90149576829826714e-04
VECTOR 47 1 176 11585 11585 -11585 -11585 -11585 11585 11585 11585 6701 3043 0 6312 7696 0 -1039 -2232 0 -4605 -3220 0 6.26245605486444639e-05 1.56729226538242277e-04
VECTOR 48 1 176 -11585 11585 11585 -11585 11585 11585 -11585 -11585 2289 -9375 0 -7369 6925 0 -1309 -4133 0 3032 -9786 0 3.35113061551833497e-05 1.14413293650546605e-04
VECTOR 49 1 176 11585 -11585 11585 -11585 -11585 11585 11585 -11585 1112 163 0 -4985 2879 0 -3859 -1152 0 1621 -3291 0 9.62436354893959217e-05 2.73331004487563291e-04
END_BLOCK
BLOCK 4 20260812 16 213 25
BANK 0 -2719 4161 -2079 2963 1554 576 -2292 -704 1613 312 1869 2019 2178 -819 828 2831 -817 1691 -5016 -7115 -2648 -4538 368 -3909 1711 -42 -257 -784 343 2833 2875 2097
BANK 1 3443 2259 -2274 539 2781 -282 6075 -314 -1288 1787 2821 4475 2866 2214 296 138 -1332 4512 1636 4291 599 -5133 -2965 2161 524 125 -173 2858 1062 -3245 -457 621
VECTOR 0 0 0 15543 -15543 5181 -15543 5181 -5181 -15543 -15543 5702 11969 0 6663 -6788 0 -13837 7649 0 1025 -5597 0 4.86412553634940942e-05 6.61877394670869640e-05
VECTOR 1 0 0 15543 -15543 -5181 -5181 5181 15543 15543 -15543 65 9410 0 6810 1244 0 274 -1789 0 3554 -851 0 6.72589137264478559e-05 2.25340246633949572e-04
VECTOR 2 0 0 -5181 15543 -5181 -5181 15543 5181 15543 5181 -2153 -4530 0 1457 3061 0 -1501 -6208 0 826 7660 0 6.51064232895404187e-05 9.29988599889996565e-05
VECTOR 3 0 0 15543 -5181 5181 5181 5181 5181 15543 15543 -4055 2918 0 629 4916 0 5079 -7605 0 1727 4811 0 5.35522065616781946e-05 1.29285497741261516e-04
VECTOR 4 0 0 5181 -5181 5181 15543 -15543 -15543 15543 15543 -5447 -3723 0 -5459 4182 0 7704 -2757 0 4291 658 0 7.70922065119845147e-05 2.75523431034610197e-04
VECTOR 5 0 0 5181 -5181 5181 -15543 -5181 -15543 15543 15543 1158 586 0 -251 118 0 -7470 3890 0 3020 2937 0 6.52205680590402524e-05 2.16647645287044191e-04
VECTOR 6 0 0 5181 -5181 -5181 -15543 -15543 -15543 5181 5181 2494 243 0 -1543 -2955 0 -5328 13499 0 2473 -1503 0 5.93772777097620105e-05 1.04190467595442635e-04
VECTOR 7 0 0 5181 15543 15543 5181 5181 5181 5181 5181 -7909 616 0 1663 5722 0 -2421 -11968 0 44 3361 0 5.00669839091942426e-05 1.04921732741401945e-04
VECTOR 8 0 0 -15543 -5181 15543 15543 -5181 5181 5181 -5181 -2509 -1438 0 -847 4463 0 4454 -13609 0 -569 -2522 0 6.42330823328384295e-05 1.10716426605055374e-04
VECTOR 9 0 0 15543 5181 -15543 -15543 -15543 -15543 5181 -15543 -1432 2180 0 1678 -4062 0 -8686 18086 0 6397 -3589 0 3.48614091666644483e-05 5.65243261242458298e-05
VECTOR 10 0 0 -5181 -5181 5181 5181 5181 15543 5181 -15543 -866 3432 0 3954 2538 0 1333 -9645 0 -68 -1700 0 8.14148484479028942e-05 1.45598542947754503e-04
VECTOR 11 0 0 -5181 5181 15543 5181 5181 -5181 5181 -15543 -4084 1620 0 3903 2080 0 -8649 -11312 0 3379 -1548 0 4.79640768381359010e-05 6.61187375866760957e-05
VECTOR 12 0 0 -15543 5181 5181 15543 -5181 -5181 -5181 -5181 -2012 -5569 0 -3268 1039 0 3454 -5479 0 -406 -2487 0 8.07668713228682866e-05 1.53533066524717262e-04
VECTOR 13 0 0 15543 -15543 -5181 15543 -5181 5181 15543 -15543 -4301 5433 0 2361 2748 0 8078 -3589 0 6121 -3184 0 5.55901386740546288e-05 1.19931048676476316e-04
VECTOR 14 0 0 5181 15543 15543 -15543 5181 5181 15543 -15543 -6502 5700 0 8321 4101 0 -16132 -8561 0 3523 1376 0 4.49993737320053793e-05 1.27998471879971448e-04
VECTOR 15 0 0 -15543 -15543 -15543 -5181 5181 -5181 5181 -5181 9162 -3329 0 -782 -4647 0 1496 5557 0 909 -217 0 6.57418153431002658e-05 1.70662958266633633e-04
VECTOR 16 0 0 15543 15543 -15543 -5181 -5181 -15543 5181 15543 -3619 -4839 0 -3790 -807 0 486 12225 0 3158 4578 0 5.44704544485313899e-05 1.65290243900321853e-04
VECTOR 17 0 0 15543 15543 -15543 -15543 5181 15543 15543 5181 -3750 793 0 2732 2892 0 682 4798 0 648 6691 0 1.07406226582632060e-04 2.24564581229031606e-04
VECTOR 18 0 0 5181 -5181 15543 15543 -5181 -15543 -15543 5181 -1875 1301 0 -2680 -954 0 -313 -2943 0 216 -3843 0 1.09719879606049779e-04 3.81733970052420917e-04
VECTOR 19 0 0 -5181 5181 5181 5181 -15543 5181 -5181 5181 -2759 -2453 0 -3620 2473 0 5454 191 0 -3155 -2108 0 8.84514165565140518e-05 1.27099176549094934e-04
VECTOR 20 0 0 -15543 15543 -15543 15543 -5181 -15543 15543 -5181 -4549 -12909 0 -5300 1709 0 6324 -266 0 5374 2022 0 6.37462015027937624e-05 1.05282657173650729e-04
VECTOR 21 0 0 15543 15543 15543 5181 -15543 15543 -5181 15543 -10064 2498 0 -1868 7066 0 5521 -4129 0 -4244 460 0 5.77136414118894434e-05 1.75414627105935741e-04
VECTOR 22 0 0 -5181 15543 -15543 -5181 -5181 -5181 -15543 -5181 1464 -5330 0 -2779 -4452 0 -1020 12891 0 -1782 -1441 0 5.53976031328317148e-05 1.37017446715881564e-04
VECTOR 23 0 0 15543 -15543 -15543 5181 5181 5181 5181 5181 2210 2785 0 -271 -972 0 9788 4151 0 1534 1576 0 6.59927802560679412e-05 1.00483090139847999e-04
VECTOR 24 0 0 -5181 5181 -5181 -15543 -15543 -15543 -15543 -15543 3591 -319 0 -227 -6761 0 -11290 16392 0 434 -6684 0 3.94571191856469663e-05 7.06386024556947712e-05
VECTOR 25 1 213 5181 -5181 -15543 15543 15543 15543 5181 -5181 8177 -2693 0 -6008 4173 0 566 -3351 0 1796 -4732 0 6.87982829056594305e-05 1.57322766790707504e-04
VECTOR 26 1 213 -15543 15543 5181 -15543 5181 5181 -5181 -15543 -6867 -1423 0 4907 -2896 0 6372 -5043 0 4137 993 0 8.67193169072320044e-05 1.80793959959098000e-04
VECTOR 27 1 213 -15543 -5181 15543 15543 -15543 -5181 15543 15543 -1887 -24 0 -1651 3039 0 -6883 5681 0 -6389 5161 0 5.84428425571403701e-05 1.99705626681375494e-04
VECTOR 28 1 213 -5181 5181 5181 -5181 15543 -15543 5181 -15543 1642 -7504 0 7193 -1305 0 -2320 -2950 0 -983 -2371 0 6.23079663104333069e-05 1.11295658760235622e-04
VECTOR 29 1 213 -5181 -5181 15543 -5181 15543 -5181 -5181 5181 -1634 301 0 8345 4439 0 3956 -4132 0 543 -1194 0 7.47953716645190713e-05 1.30802633487831567e-04
VECTOR 30 1 213 -15543 5181 -15543 15543 -15543 -5181 -5181 -15543 -7281 -9999 0 -8246 -7003 0 -4990 -411 0 -4384 151 0 4.39973417322604761e-05 1.03414685039678516e-04
VECTOR 31 1 213 5181 -5181 -15543 -5181 -5181 5181 15543 -15543 8806 -5259 0 -2298 -4109 0 1482 3935 0 2119 -398 0 6.03517576150128246e-05 1.45175215503080948e-04
VECTOR 32 1 213 5181 -15543 -5181 -5181 5181 5181 15543 5181 10952 410 0 2254 1311 0 3015 495 0 1975 -1552 0 6.26409891196966131e-05 1.04829223292515929e-04
VECTOR 33 1 213 -15543 -5181 15543 -5181 -5181 15543 15543 5181 712 2349 0 3109 4309 0 6783 2998 0 2395 4960 0 6.47875188292461687e-05 1.87308549733210061e-04
VECTOR 34 1 213 -5181 -5181 -5181 5181 5181 15543 -15543 -15543 -4740 -5609 0 -2679 2326 0 9896 -2137 0 3462 -1338 0 6.30024375538705951e-05 1.60118864871989619e-04
VECTOR 35 1 213 5181 -15543 -5181 5181 15543 5181 15543 -5181 12172 -5049 0 1324 4308 0 2047 158 0 1232 -3425 0 5.36780443722501336e-05 6.70301749811341561e-05
VECTOR 36 1 213 15543 -15543 -5181 5181 15543 5181 -5181 15543 7062 4462 0 -40 5638 0 2221 -3472 0 1356 -4710 0 8.59266713134063706e-05 1.02976779343932797e-04
VECTOR 37 1 213 -15543 15543 -5181 5181 5181 5181 15543 5181 1970 2647 0 -2337 -1609 0 -6575 -6705 0 -733 -826 0 7.81175968536884456e-05 1.12285346015449244e-04
VECTOR 38 1 213 -15543 5181 15543 5181 15543 -15543 -5181 -15543 -6157 -9832 0 6774 2092 0 -1282 -3422 0 -2942 -1145 0 5.83494582818707447e-05 1.37795162345862141e-04
VECTOR 39 1 213 15543 -15543 -5181 -5181 15543 15543 -5181 -15543 6986 -3868 0 1652 5105 0 12282 1498 0 6394 -3061 0 4.28479510527394829e-05 9.75989628200094939e-05
VECTOR 40 1 213 -15543 -15543 -15543 -15543 -5181 15543 15543 15543 6995 4429 0 1629 -4964 0 7880 -7211 0 4217 -974 0 6.27497870337094765e-05 1.41772470584384012e-04
VECTOR 41 1 213 -5181 -15543 -15543 -5181 15543 15543 15543 -5181 11952 -3621 0 1784 376 0 7815 -6065 0 4870 -4531 0 5.25752714280230534e-05 1.09080150544419073e-04
VECTOR 42 1 213 -15543 -5181 -5181 15543 5181 15543 5181 -5181 625 -5031 0 -4407 3342 0 2907 -3098 0 352 -1030 0 6.60216213211116225e-05 2.68530006437015857e-04
VECTOR 43 1 213 -5181 -5181 15543 -15543 5181 15543 5181 5181 1147 5236 0 6750 4968 0 10909 204 0 5494 2703 0 5.33801760593632558e-05 8.51992667750136283e-05
VECTOR 44 1 213 5181 -15543 5181 -15543 5181 5181 -5181 -5181 1972 -1256 0 6582 1995 0 11881 1316 0 4644 -132 0 4.88792075416233702e-05 7.12905292700758900e-05
VECTOR 45 1 213 5181 -5181 -15543 -5181 15543 -15543 15543 -15543 11967 -9133 0 4128 -4933 0 -4254 -3315 0 -642 -5846 0 4.97556905590919925e-05 7.63541378175712195e-05
VECTOR 46 1 213 5181 15543 -15543 15543 15543 -15543 -5181 -15543 743 -7258 0 -4168 -3169 0 -11638 -5664 0 -3837 -6188 0 5.62659657888243186e-05 1.40144585670208435e-04
VECTOR 47 1 213 -5181 5181 -5181 -5181 -5181 -15543 15543 15543 4001 3839 0 1709 -6287 0 -10088 -3430 0 -3684 -549 0 5.48258211261473398e-05 8.28361537406682041e-05
VECTOR 48 1 213 5181 -15543 15543 15543 -5181 -15543 -15543 15543 -6049 -686 0 501 5439 0 -2956 4505 0 -6161 1086 0 5.91394104716830486e-05 1.99122568731031300e-04
VECTOR 49 1 213 5181 5181 -5181 5181 -15543 -5181 -15543 15543 -7270 6363 0 -5710 -3222 0 -5151 -17 0 -2912 967 0 4.56740845767580151e-05 1.25214471115289125e-04
END_BLOCK
BLOCK 5 20260813 64 250 25
BANK 0 2037 4872 -6802 -2140 -1585 2837 4437 1622 183 -38 697 4712 -1150 -4193 1974 -1387 -1490 2829 -672 -1184 2072 273 2663 2436 1797 1222 -2809 1132 1970 -2616 -368 -2038
BANK 1 -1703 965 -834 -5585 1591 -7149 -2953 410 4967 90 -4159 -86 1135 -1920 3539 -2922 478 2170 -1101 -2102 -532 -2150 1026 -1537 -2143 325 -1442 -536 -2809 1254 3957 293
VECTOR 0 0 0 17697 12641 2528 2528 17697 2528 2528 2528 -3993 9209 0 -469 -3681 0 -1482 3021 0 3179 -445 0 5.76670469763687537e-05 1.76006332787391972e-04
VECTOR 1 0 0 -2528 17697 7584 -2528 12641 -17697 -7584 -7584 -8517 2604 0 -5910 12 0 -1531 -6878 0 -4802 -323 0 6.81181797311003782e-05 1.32848448230253802e-04
VECTOR 2 0 0 17697 -17697 -2528 12641 -2528 -2528 17697 -17697 17390 -5089 0 -3422 -3234 0 7694 3722 0 -485 -4667 0 4.12712800614495342e-05 1.19687206306361081e-04
VECTOR 3 0 0 2528 17697 2528 -2528 12641 2528 -12641 -7584 -10661 2310 0 -1501 -2445 0 -2942 -3834 0 -37 2766 0 7.00709676332052364e-05 1.27401721947724607e-04
VECTOR 4 0 0 -2528 -17697 7584 -7584 12641 2528 17697 -7584 4692 848 0 3684 -4158 0 7987 2865 0 849 -4051 0 6.81115689923894314e-05 1.38159579974174755e-04
VECTOR 5 0 0 2528 2528 17697 12641 -7584 -2528 -2528 17697 -7399 -3020 0 -1770 10114 0 -4438 464 0 -2876 345 0 5.41800388473313843e-05 1.28301104734270292e-04
VECTOR 6 0 0 -2528 -7584 -2528 7584 -12641 17697 -17697 7584 -3404 -8112 0 1592 3922 0 -3706 754 0 2844 3682 0 7.41833051554241410e-05 1.09604550548763103e-04
VECTOR 7 0 0 -7584 17697 17697 17697 12641 17697 17697 12641 -11987 -4061 0 2464 1605 0 488 2211 0 -888 -2812 0 5.49341676021668316e-05 2.21442577939248892e-04
VECTOR 8 0 0 7584 7584 17697 -7584 -2528 7584 -7584 -7584 -12022 59 0 3599 4677 0 -3824 -1791 0 -2110 6350 0 4.08545314284307264e-05 1.17023101080657212e-04
VECTOR 9 0 0 -12641 -7584 2528 2528 -2528 -17697 -12641 -7584 601 -8113 0 -7295 2825 0 1586 -7172 0 -5218 -2015 0 5.16512074352391015e-05 1.34269187393184315e-04
VECTOR 10 0 0 -2528 12641 7584 -17697 -2528 2528 17697 7584 -5685 10300 0 9012 1460 0 -2156 2733 0 -652 3092 0 3.84161868704795798e-05 8.36456868124876092e-05
VECTOR 11 0 0 12641 7584 12641 -12641 -12641 7584 7584 -12641 -4368 2704 0 7004 3691 0 -2504 919 0 -2525 7086 0 5.05949057782230054e-05 1.62727265325051794e-04
VECTOR 12 0 0 12641 7584 -12641 2528 7584 12641 -2528 17697 -464 9936 0 2790 -3955 0 -4052 6528 0 8002 694 0 6.06952755843154327e-05 5.66314180605056205e-05
VECTOR 13 0 0 -7584 7584 -12641 -7584 2528 7584 -17697 7584 -6042 3493 0 1850 -2623 0 -4460 -1172 0 4150 3232 0 7.96059152801102286e-05 1.68578534090058730e-04
VECTOR 14 0 0 12641 -17697 -17697 -2528 2528 7584 17697 2528 16836 7060 0 4184 -7797 0 5143 9218 0 7347 -3537 0 3.02352682993931778e-05 8.09382307688445073e-05
VECTOR 15 0 0 17697 7584 -2528 -2528 -2528 2528 -7584 7584 -2333 8206 0 1387 1234 0 -5720 3035 0 3197 3891 0 6.67490066154666320e-05 9.87668121749886761e-05
VECTOR 16 0 0 12641 -2528 -2528 7584 2528 -2528 2528 2528 4991 2243 0 -2459 -841 0 336 2793 0 1642 -1888 0 1.33607353927397342e-04 2.15869797082495943e-04
VECTOR 17 0 0 7584 -2528 12641 -2528 12641 17697 -7584 7584 -10976 3119 0 4714 561 0 -2011 3283 0 4487 2478 0 6.00764601017041375e-05 1.54249204693149142e-04
VECTOR 18 0 0 -2528 -2528 12641 -2528 12641 -2528 2528 17697 -6993 5809 0 1499 2366 0 -614 2127 0 1180 -2193 0 8.64094652390608371e-05 1.34838484732778465e-04
VECTOR 19 0 0 2528 -17697 12641 -7584 -12641 -2528 -12641 -7584 -1674 -5201 0 781 6678 0 -724 -2199 0 -2629 3878 0 7.47821630021759963e-05 1.52408401942960179e-04
VECTOR 20 0 0 17697 -7584 -17697 -12641 17697 -17697 12641 -17697 16679 13114 0 -2684 -12242 0 6731 2603 0 3231 -4696 0 3.03368292964068233e-05 9.67520168313644929e-05
VECTOR 21 0 0 -17697 -2528 -2528 7584 -7584 7584 12641 -12641 4687 -12614 0 434 -1576 0 5546 -2297 0 -3400 -2238 0 4.54803631970039779e-05 1.17285089007926408e-04
VECTOR 22 0 0 12641 12641 7584 -12641 17697 17697 -17697 -7584 -15805 7135 0 4641 -3432 0 -4363 -327 0 4424 6694 0 5.66214341364283368e-05 1.28610385747369245e-04
VECTOR 23 0 0 7584 -17697 12641 -7584 12641 2528 -17697 17697 -8238 6537 0 1888 3315 0 -2652 3092 0 5031 888 0 7.02584289850294828e-05 1.27597720168864449e-04
VECTOR 24 0 0 -17697 -17697 7584 -17697 -7584 -12641 2528 -17697 2961 -5739 0 1277 1754 0 5369 -5494 0 -5887 71 0 5.09546160424431392e-05 1.48099122733502594e-04
VECTOR 25 1 250 -17697 -12641 -17697 -2528 -7584 2528 17697 7584 -390 9064 0 4129 -3649 0 4421 -544 0 9286 3238 0 7.13127564604626538e-05 1.45280250948946754e-04
VECTOR 26 1 250 7584 -7584 12641 -7584 -12641 2528 -2528 -7584 -3049 4377 0 -3386 70 0 -724 1010 0 -703 -1881 0 1.32653162674330812e-04 2.19432192846976353e-04
VECTOR 27 1 250 17697 -2528 -7584 -12641 -2528 -12641 12641 2528 -13717 4270 0 8763 292 0 -809 3807 0 2398 4853 0 4.46530139844615457e-05 7.76084166019572837e-05
VECTOR 28 1 250 2528 2528 -7584 12641 -12641 -17697 -7584 -12641 -2983 7714 0 -4098 -3511 0 -1702 2685 0 2616 -2267 0 7.38258625895877761e-05 1.80255139218208157e-04
VECTOR 29 1 250 17697 12641 -2528 12641 -7584 -7584 -7584 12641 -1141 51 0 5206 5180 0 596 4932 0 -2106 1305 0 8.41165002194567906e-05 2.42229614463135756e-04
VECTOR 30 1 250 17697 7584 12641 -12641 -2528 12641 12641 2528 -4310 -1220 0 6536 5002 0 -190 687 0 -1518 -1466 0 9.00466189264541804e-05 2.34960962025551113e-04
VECTOR 31 1 250 -17697 -7584 -12641 12641 -2528 -17697 12641 -2528 -2944 3568 0 -2018 -9269 0 1274 -2231 0 8877 2398 0 5.90403900852714953e-05 1.19241371814151644e-04
VECTOR 32 1 250 -2528 12641 -12641 7584 -12641 -12641 17697 7584 -7376 5824 0 5231 1047 0 646 2030 0 8714 1390 0 4.92326363996423201e-05 8.84752164829562314e-05
VECTOR 33 1 250 -2528 -2528 -17697 -7584 7584 2528 7584 -12641 -484 5937 0 3905 -3559 0 -148 -209 0 2254 -1243 0 7.56053246899868843e-05 2.28603479319927221e-04
VECTOR 34 1 250 7584 -7584 2528 2528 12641 -7584 2528 17697 -2589 -9134 0 5402 -1547 0 1793 -252 0 -2274 7424 0 6.85600503828504330e-05 1.11680530221388823e-04
VECTOR 35 1 250 7584 2528 -7584 -2528 -2528 12641 2528 2528 3338 4836 0 6500 2757 0 2208 2064 0 -426 -1415 0 9.27194747071278185e-05 1.41081942933131004e-04
VECTOR 36 1 250 12641 -12641 -2528 -7584 -17697 -12641 -2528 -17697 -9362 12927 0 -1906 -3998 0 -1663 4001 0 2279 -852 0 2.97988604277412681e-05 1.11093650055205399e-04
VECTOR 37 1 250 -12641 -2528 -2528 12641 2528 7584 -12641 -7584 11923 420 0 -6129 -3186 0 1168 -2140 0 -1592 -4114 0 7.16624154727159431e-05 1.38335338497507919e-04
VECTOR 38 1 250 -2528 12641 -7584 -7584 17697 12641 7584 -7584 3376 -3429 0 4042 1594 0 -1364 -2403 0 -1535 -3297 0 1.15735516285413349e-04 2.56691435117243206e-04
VECTOR 39 1 250 17697 -2528 -2528 -2528 2528 17697 17697 -7584 2544 4721 0 10726 -3879 0 3334 -277 0 497 -3369 0 4.92810090865134000e-05 1.37283547264098059e-04
VECTOR 40 1 250 12641 -12641 -7584 7584 12641 17697 -7584 -2528 12782 726 0 6727 -5097 0 4725 89 0 -5795 -1328 0 5.48683481612339099e-05 1.11879819869058512e-04
VECTOR 41 1 250 -12641 12641 2528 -2528 17697 -2528 12641 -12641 -1768 -8164 0 -3151 -2843 0 -3838 -5678 0 1536 -2803 0 6.71555315779528831e-05 1.34590577061524213e-04
VECTOR 42 1 250 -7584 -2528 -2528 -7584 17697 -12641 7584 -7584 -6494 -6329 0 -1653 -4810 0 -3160 -3342 0 917 2756 0 6.63079854399458720e-05 1.22581658074625687e-04
VECTOR 43 1 250 17697 -17697 -12641 -12641 7584 7584 2528 2528 -936 4869 0 11016 -2261 0 3232 2979 0 -2580 4128 0 4.89945136096581662e-05 1.21311148247320037e-04
VECTOR 44 1 250 2528 -12641 7584 -12641 -12641 2528 17697 7584 -7717 4358 0 3440 -511 0 2178 234 0 4951 3315 0 6.40792427107060602e-05 2.40404801840871205e-04
VECTOR 45 1 250 7584 -7584 17697 7584 -17697 -7584 -2528 17697 -3672 -1451 0 -1616 1546 0 2091 1917 0 537 4071 0 1.16066836659461516e-04 4.17485837333693693e-04
VECTOR 46 1 250 -17697 17697 2528 7584 -17697 17697 -7584 2528 10561 4665 0 -6404 8528 0 602 -44 0 1792 -7330 0 4.21254987362391028e-05 8.15014338286098407e-05
VECTOR 47 1 250 -7584 -17697 -12641 17697 -2528 -12641 -12641 -17697 5467 7550 0 -6443 -11980 0 1214 -268 0 1699 -1506 0 4.27225229355718882e-05 1.11884980594383594e-04
VECTOR 48 1 250 -2528 7584 17697 2528 -12641 -12641 -17697 12641 -4093 -5531 0 -9212 8043 0 -3114 1967 0 -2660 2093 0 4.40267343637280596e-05 1.74241485063463707e-04
VECTOR 49 1 250 12641 7584 2528 2528 -7584 2528 2528 -7584 -927 3951 0 2127 688 0 -456 1602 0 -91 -3847 0 1.61771003320024709e-04 2.05758730934889632e-04
END_BLOCK
BLOCK 6 20260814 4 32 25
BANK 0 330 262 2543 4357 1871 -4180 348 586 1243 -1196 -4888 2701 -4571 2 2772 -1382 -837 410 -996 262 -3093 7321 304 4603 1941 2843 2033 -388 738 -1392 677 -519
BANK 1 -2073 1686 -2749 2153 3100 -9 -1251 -1879 5155 -2694 1844 653 -1508 -2050 2287 -3768 2776 2454 3338 -458 1173 1006 -439 -3802 -2802 346 349 -768 3311 5986 -4470 -1502
VECTOR 0 0 0 -11585 11585 11585 -11585 11585 -11585 -11585 11585 2167 -3116 0 -5793 13262 0 -697 4332 0 -2794 -3010 0 4.82704831996238714e-05 8.46662799874449233e-05
VECTOR 1 0 0 11585 11585 11585 11585 11585 -11585 -11585 -11585 -2699 358 0 -9809 737 0 4258 3073 0 -234 2928 0 7.33281650466451198e-05 1.57501087481538420e-04
VECTOR 2 0 0 11585 11585 11585 11585 11585 -11585 -11585 11585 -3528 851 0 -7855 4658 0 -2251 3503 0 500 3885 0 7.72063165588671109e-05 1.15284327750887522e-04
VECTOR 3 0 0 11585 -11585 11585 -11585 -11585 -11585 -11585 -11585 1187 2207 0 -1217 5889 0 9583 -4688 0 2194 -723 0 6.04944750118943821e-05 1.26621881161626242e-04
VECTOR 4 0 0 11585 -11585 11585 11585 -11585 11585 11585 -11585 1429 9278 0 -1119 -9442 0 -711 -3961 0 5669 2461 0 4.83106720314319238e-05 1.66762671172941701e-04
VECTOR 5 0 0 -11585 -11585 -11585 -11585 -11585 11585 11585 11585 2699 -358 0 9809 -737 0 -4258 -3073 0 234 -2928 0 7.33281650466451198e-05 1.57501087481538420e-04
VECTOR 6 0 0 -11585 -11585 11585 -11585 -11585 11585 11585 11585 6295 5803 0 2897 3082 0 -5667 -2703 0 3109 -3477 0 6.01827832071664536e-05 1.13828757835501514e-04
VECTOR 7 0 0 11585 11585 11585 -11585 11585 -11585 -11585 11585 2634 -2746 0 -4035 11570 0 -1881 4911 0 -49 1010 0 6.29722781959043482e-05 1.61862627269617301e-04
VECTOR 8 0 0 11585 -11585 -11585 -11585 -11585 11585 11585 -11585 3994 -480 0 9613 -6349 0 1068 -2923 0 2245 135 0 3.94723767782118788e-05 1.25818098354363317e-04
VECTOR 9 0 0 -11585 11585 11585 11585 11585 11585 11585 11585 2409 3955 0 -5696 -2070 0 -10991 5059 0 681 175 0 5.64654102271748570e-05 8.45920252133417828e-05
VECTOR 10 0 0 11585 11585 11585 -11585 -11585 -11585 -11585 -11585 817 2674 0 474 7647 0 9003 -5872 0 -1826 2022 0 7.68942145788028322e-05 9.19393375719405632e-05
VECTOR 11 0 0 -11585 -11585 11585 11585 11585 11585 11585 11585 2780 3488 0 -7387 -3827 0 -10411 6242 0 4701 -2570 0 5.51887301866853681e-05 1.00279394479825792e-04
VECTOR 12 0 0 -11585 11585 -11585 -11585 11585 -11585 11585 11585 -937 -8449 0 5039 7487 0 1141 10471 0 -4711 -3195 0 5.26987561697096009e-05 1.37271835090385956e-04
VECTOR 13 0 0 -11585 -11585 -11585 11585 11585 -11585 -11585 -11585 -6391 -6640 0 -6346 -3149 0 7430 3306 0 -1833 -3289 0 6.35257068910407918e-05 1.40755011304465939e-04
VECTOR 14 0 0 -11585 -11585 11585 11585 -11585 11585 -11585 11585 -358 8571 0 -4843 -1876 0 -6467 -10621 0 2700 132 0 5.55166569195355417e-05 9.54313415062249120e-05
VECTOR 15 0 0 -11585 -11585 11585 11585 -11585 -11585 11585 -11585 -4949 6261 0 -2874 -1286 0 10826 -167 0 955 -2603 0 5.26838365560843775e-05 1.31062558482466124e-04
VECTOR 16 0 0 -11585 -11585 11585 11585 11585 11585 -11585 11585 2287 2659 0 -11307 -1873 0 -10841 -267 0 3744 -1836 0 4.48149437747260622e-05 9.21499661002474511e-05
VECTOR 17 0 0 -11585 11585 11585 11585 11585 -11585 11585 -11585 -2674 817 0 -7647 474 0 5872 9003 0 -2022 -1826 0 7.68942145788028322e-05 9.19393375719405632e-05
VECTOR 18 0 0 11585 -11585 11585 -11585 11585 -11585 -11585 11585 3004 -3212 0 -5727 9812 0 -1301 6095 0 3972 -1734 0 6.22573561352809848e-05 1.54259303630068992e-04
VECTOR 19 0 0 11585 -11585 11585 -11585 -11585 -11585 -11585 11585 358 2699 0 737 9809 0 3073 -4258 0 2928 234 0 7.33281650466451198e-05 1.57501087481538420e-04
VECTOR 20 0 0 11585 11585 11585 -11585 11585 -11585 -11585 -11585 3463 -3238 0 -5990 7650 0 4629 4482 0 -783 53 0 6.34921135302819175e-05 1.74027895419053160e-04
VECTOR 21 0 0 11585 -11585 11585 11585 11585 11585 -11585 11585 2754 3030 0 -9549 -3564 0 -12025 313 0 6489 2184 0 4.40771705145858410e-05 9.23704305664061625e-05
VECTOR 22 0 0 11585 11585 11585 -11585 -11585 -11585 -11585 -11585 817 2674 0 474 7647 0 9003 -5872 0 -1826 2022 0 7.68942145788028322e-05 9.19393375719405632e-05
VECTOR 23 0 0 11585 11585 11585 -11585 -11585 11585 11585 11585 6391 6640 0 6346 3149 0 -7430 -3306 0 1833 3289 0 6.35257068910407918e-05 1.40755011304465939e-04
VECTOR 24 0 0 -11585 -11585 -11585 -11585 11585 11585 -11585 11585 4853 -7098 0 -575 1220 0 -9062 771 0 320 -4163 0 6.25981998727752310e-05 1.31046129497830352e-04
VECTOR 25 1 32 11585 11585 11585 11585 -11585 -11585 11585 11585 -7878 -5094 0 10290 4974 0 5172 1195 0 -1643 -12829 0 4.56623118097728572e-05 1.28427991055141648e-04
VECTOR 26 1 32 -11585 11585 -11585 -11585 -11585 11585 -11585 -11585 1110 2175 0 -4348 5215 0 -10301 1308 0 -3528 402 0 4.66715566078092556e-05 1.23896595387538744e-04
VECTOR 27 1 32 11585 -11585 -11585 -11585 -11585 11585 -11585 -11585 563 7491 0 -868 -5885 0 -2905 853 0 -7002 4853 0 6.36995364029990866e-05 1.90725739208275877e-04
VECTOR 28 1 32 -11585 -11585 11585 11585 11585 11585 11585 -11585 -823 1594 0 -5372 -6772 0 -424 -2499 0 -3098 10113 0 4.88758620761703053e-05 1.33328983683379511e-04
VECTOR 29 1 32 -11585 11585 11585 -11585 11585 -11585 -11585 11585 4251 -946 0 -1443 8606 0 2878 -197 0 12237 -3223 0 3.08786511551317319e-05 9.46780235574594132e-05
VECTOR 30 1 32 -11585 11585 -11585 11585 11585 -11585 11585 -11585 667 -8767 0 -7069 1727 0 -7193 416 0 4384 2554 0 6.76016740005720208e-05 1.24984247240984299e-04
VECTOR 31 1 32 -11585 -11585 11585 -11585 11585 -11585 11585 11585 4866 -672 0 -2019 -4013 0 5727 -9499 0 6405 -1384 0 5.79888496622422170e-05 7.64357372427457431e-05
VECTOR 32 1 32 11585 -11585 11585 -11585 11585 -11585 11585 11585 1935 1713 0 5271 -7823 0 9653 -6029 0 2442 -895 0 6.38548796705843021e-05 1.17675940460197160e-04
VECTOR 33 1 32 -11585 -11585 -11585 -11585 -11585 11585 11585 -11585 1725 2449 0 -4923 -7404 0 -7451 -7994 0 -9360 2240 0 5.68263353514000249e-05 1.41103054276239191e-04
VECTOR 34 1 32 -11585 11585 11585 11585 11585 11585 -11585 -11585 -1438 1319 0 -4796 5847 0 -3274 6804 0 2734 8274 0 6.17860300269574230e-05 8.09807800951211368e-05
VECTOR 35 1 32 11585 -11585 -11585 11585 -11585 11585 -11585 11585 175 1834 0 3538 -43 0 3120 4952 0 -3791 -974 0 1.23752946651161760e-04 1.78119866864339012e-04
VECTOR 36 1 32 -11585 -11585 -11585 -11585 11585 11585 11585 -11585 6109 2437 0 -7056 -10303 0 -5793 -6572 0 -4678 10705 0 4.12516892958152996e-05 8.51977716264173479e-05
VECTOR 37 1 32 -11585 11585 11585 11585 -11585 11585 11585 11585 -4934 -3094 0 5899 6652 0 -177 -617 0 -6146 -8636 0 5.53177753755844097e-05 1.17991761561818276e-04
VECTOR 38 1 32 11585 -11585 11585 -11585 -11585 -11585 -11585 -11585 -3337 6152 0 -1159 -2829 0 3238 -1454 0 1957 -915 0 9.34854305830340346e-05 3.01208491503248332e-04
VECTOR 39 1 32 -11585 -11585 11585 -11585 -11585 11585 -11585 -11585 -393 8151 0 -5550 -1152 0 -2110 -3265 0 -2546 3278 0 6.31789766444908223e-05 2.07842480026228233e-04
VECTOR 40 1 32 11585 -11585 11585 11585 -11585 11585 -11585 -11585 -6369 6648 0 817 -2354 0 2464 4926 0 -5422 4261 0 6.65613947906540138e-05 9.25833971837908254e-05
VECTOR 41 1 32 -11585 11585 11585 -11585 -11585 -11585 -11585 -11585 -2790 836 0 -4639 8271 0 -4158 -998 0 5430 -5367 0 6.16154473353398168e-05 1.54076338908878290e-04
VECTOR 42 1 32 11585 11585 -11585 11585 -11585 11585 11585 -11585 -6635 -1986 0 5253 -1316 0 -6348 4122 0 -12726 -740 0 5.10344471572603901e-05 1.01321397165981609e-04
VECTOR 43 1 32 -11585 -11585 11585 -11585 -11585 11585 -11585 11585 2264 6382 0 -221 2082 0 3267 -3886 0 -421 -3043 0 8.95242476722594836e-05 2.02392701258747763e-04
VECTOR 44 1 32 -11585 11585 -11585 11585 -11585 -11585 11585 11585 -1059 -10523 0 392 7861 0 -3475 -1628 0 1826 -12233 0 4.46091975283395231e-05 1.07053045394713887e-04
VECTOR 45 1 32 11585 -11585 -11585 11585 -11585 -11585 -11585 -11585 -2495 -781 0 -4690 -1145 0 -834 3914 0 2550 665 0 1.27270747308529640e-04 1.59198445918191928e-04
VECTOR 46 1 32 11585 11585 -11585 11585 -11585 -11585 11585 -11585 -6648 -6369 0 2354 817 0 -4926 2464 0 -4261 -5422 0 6.65613947906540138e-05 9.25833971837908254e-05
VECTOR 47 1 32 -11585 -11585 11585 11585 -11585 -11585 11585 -11585 -5220 -2777 0 -6138 -1740 0 -660 -5580 0 684 -3035 0 8.90139407248420828e-05 1.35845301758659535e-04
VECTOR 48 1 32 -11585 -11585 -11585 11585 11585 11585 11585 -11585 3065 -1451 0 -7980 -7695 0 -5145 -1851 0 -3592 11199 0 4.39590229213216168e-05 1.11765030052092228e-04
VECTOR 49 1 32 11585 -11585 -11585 11585 11585 -11585 11585 -11585 120 -3451 0 -3588 -9373 0 204 -40 0 911 7006 0 8.06073230637727102e-05 1.34056943908909332e-04
END_BLOCK
BLOCK 7 20260815 16 69 25
BANK 0 677 2402 1471 1317 187 2209 -493 -797 -446 -2229 -3830 4254 -1839 -1857 -6486 -4634 470 -1414 2392 -1082 2839 701 2459 3570 668 3746 792 1689 -1818 5727 -575 1538
BANK 1 -5 -1987 -671 2477 1856 -603 510 864 4193 -2419 828 -2501 -1572 -754 -3948 -5072 5142 -1484 4255 798 -3422 1951 -1507 746 174 -914 -112 -66 235 4022 4360 -5049
VECTOR 0 0 0 -5181 -15543 -15543 15543 5181 5181 15543 15543 -931 -1722 0 -4127 -18259 0 -3111 10136 0 -3402 -520 0 3.42990862159390763e-05 7.11649410666648734e-05
VECTOR 1 0 0 15543 5181 -15543 5181 -15543 -15543 -15543 -15543 -299 659 0 4310 6553 0 -2008 -8488 0 7326 -2209 0 5.42600756341254061e-05 1.39289559586607209e-04
VECTOR 2 0 0 5181 -15543 -15543 15543 15543 -15543 5181 15543 2721 1462 0 -3819 -15586 0 -1686 3836 0 3479 6798 0 4.16356518891839337e-05 1.06437561317544865e-04
VECTOR 3 0 0 -15543 -15543 5181 5181 15543 5181 -15543 5181 1884 716 0 2213 2674 0 -1679 263 0 -840 -186 0 1.97908595438137927e-04 5.69037423795071512e-04
VECTOR 4 0 0 15543 -15543 -15543 5181 5181 15543 -5181 -15543 -1528 2448 0 -1414 -1652 0 19 -551 0 -1465 1714 0 2.00328028590375127e-04 5.98568788250224701e-04
VECTOR 5 0 0 -15543 -15543 5181 15543 -5181 5181 -15543 15543 1318 -1460 0 4780 -1502 0 -6843 2445 0 -582 -7292 0 8.06854276435608260e-05 2.26846679779743891e-04
VECTOR 6 0 0 5181 15543 15543 -5181 5181 -5181 -15543 -5181 721 3737 0 3204 10560 0 3333 -6625 0 211 4279 0 6.17711750142475760e-05 1.07796722431230204e-04
VECTOR 7 0 0 -5181 5181 -5181 5181 15543 -5181 15543 -5181 -1699 939 0 -9238 -5518 0 6261 4071 0 -2153 6392 0 5.42667443221822701e-05 1.24059592086284555e-04
VECTOR 8 0 0 -15543 -5181 5181 -15543 15543 -5181 15543 -15543 1484 -1724 0 -10338 7811 0 7471 -597 0 3404 4030 0 5.38965761449243110e-05 1.32061987405218754e-04
VECTOR 9 0 0 -15543 -5181 -15543 15543 -15543 -5181 -15543 -5181 -1791 -3589 0 5161 3377 0 -5811 -1239 0 2765 -10751 0 5.23759383043447097e-05 1.17775362426971453e-04
VECTOR 10 0 0 15543 -5181 15543 5181 -5181 5181 5181 -5181 1215 3044 0 -8454 1442 0 3397 -733 0 1104 3478 0 7.99435270891889357e-05 1.07355311522715384e-04
VECTOR 11 0 0 -5181 15543 -15543 15543 15543 15543 15543 15543 -6767 1078 0 114 -21443 0 924 13267 0 -15281 3220 0 3.10454492022650032e-05 8.17518625937113002e-05
VECTOR 12 0 0 -5181 -5181 -5181 5181 5181 -15543 15543 15543 2107 -1628 0 -4798 -11102 0 -501 4645 0 3042 2770 0 4.96096765351633051e-05 1.65679033720814698e-04
VECTOR 13 0 0 15543 -5181 5181 5181 -5181 -15543 15543 -15543 2263 1782 0 -15414 2249 0 6584 -2937 0 8456 6045 0 3.05711832431207258e-05 1.05488357082038136e-04
VECTOR 14 0 0 5181 5181 15543 5181 -15543 15543 -5181 -5181 -1936 1178 0 -323 5512 0 200 -447 0 -3796 -4214 0 7.88223420917962139e-05 1.94729027861153392e-04
VECTOR 15 0 0 15543 5181 5181 15543 -15543 15543 15543 5181 -3390 1475 0 -6146 -10974 0 521 6927 0 -6643 -830 0 5.10724992570959666e-05 9.00993645799248087e-05
VECTOR 16 0 0 -15543 15543 -5181 -15543 -15543 5181 5181 5181 -2917 -5893 0 9531 1643 0 -4154 1999 0 -3590 -9909 0 6.01998389180442828e-05 1.84316507033592156e-04
VECTOR 17 0 0 -5181 15543 -15543 -5181 -15543 15543 -15543 -15543 -6033 -2526 0 12497 8024 0 -3723 -2528 0 -5686 -10475 0 3.86392655216959190e-05 1.32975737803589890e-04
VECTOR 18 0 0 5181 15543 -15543 -5181 -5181 5181 -15543 15543 -2578 -664 0 18670 -5704 0 -7960 -109 0 -5709 -4425 0 3.56681913710248056e-05 5.48148419810838068e-05
VECTOR 19 0 0 5181 -15543 -15543 5181 5181 15543 5181 5181 -1260 -199 0 627 -11377 0 -3238 5711 0 -4197 -410 0 6.35083150865518230e-05 1.09097302807493560e-04
VECTOR 20 0 0 5181 15543 -15543 -5181 5181 15543 15543 -15543 -6304 275 0 -2417 -4527 0 4831 4238 0 -8654 2056 0 4.91276185437922346e-05 2.16652504901766648e-04
VECTOR 21 0 0 -5181 5181 -15543 5181 -15543 -15543 -15543 -5181 -652 -2691 0 7805 5270 0 -4861 -5144 0 5508 -7311 0 5.58282930530241977e-05 9.55353464103183035e-05
VECTOR 22 0 0 5181 -15543 15543 -5181 -5181 5181 15543 -15543 2323 -26 0 -13924 6728 0 5334 -946 0 4728 1521 0 4.64868953462021150e-05 1.05998540871557391e-04
VECTOR 23 0 0 5181 -15543 15543 -5181 15543 -5181 5181 -15543 4269 3154 0 -13323 8473 0 7814 -4112 0 6414 8942 0 4.73892077577187738e-05 7.67277225466454256e-05
VECTOR 24 0 0 15543 -15543 5181 5181 -5181 -15543 15543 -5181 4286 1042 0 -13893 -1571 0 3432 -1679 0 9853 5259 0 4.23449449047845434e-05 1.16221562382702782e-04
VECTOR 25 1 69 15543 15543 -15543 5181 -15543 15543 -5181 -15543 1203 -2876 0 4921 8891 0 4577 155 0 -9048 -6807 0 4.62772128715641641e-05 1.32534107556306921e-04
VECTOR 26 1 69 15543 15543 15543 15543 15543 -5181 -5181 -5181 576 -1770 0 7346 2730 0 7648 11437 0 -492 3088 0 5.37854942212080876e-05 1.46398345782589007e-04
VECTOR 27 1 69 5181 15543 -5181 15543 -5181 -5181 15543 5181 -821 -1468 0 3849 -535 0 965 8889 0 7950 -4967 0 6.78101887200189310e-05 1.72438392515578679e-04
VECTOR 28 1 69 -5181 15543 -5181 5181 5181 15543 5181 -5181 2909 1310 0 -1136 3710 0 -4990 4524 0 -3091 -1041 0 7.45005914639866829e-05 7.03751587497303239e-05
VECTOR 29 1 69 -5181 5181 -15543 -15543 15543 15543 -15543 -15543 6285 -1201 0 -5561 10028 0 -7396 -3372 0 -12241 5205 0 3.36296555341065770e-05 9.75856027997911568e-05
VECTOR 30 1 69 -5181 -5181 -15543 5181 -5181 15543 -5181 -5181 -676 -415 0 -1229 3673 0 -6441 -4191 0 -7082 -570 0 7.57271116871327565e-05 1.35927632212498486e-04
VECTOR 31 1 69 15543 -15543 15543 15543 -5181 5181 -5181 5181 -5707 499 0 8429 -7763 0 7456 -3904 0 -1874 577 0 4.01523802286502055e-05 1.26337813498718929e-04
VECTOR 32 1 69 15543 15543 -5181 -15543 -5181 15543 -15543 5181 3670 -743 0 10200 3999 0 6122 -5866 0 -5424 4545 0 6.42226382119256322e-05 1.73365383092273457e-04
VECTOR 33 1 69 15543 -5181 5181 15543 -15543 5181 5181 -5181 -4331 -466 0 4725 -3763 0 7386 -965 0 -1809 -7766 0 6.71160913594813263e-05 1.18398423868528615e-04
VECTOR 34 1 69 15543 -15543 -15543 5181 5181 5181 -5181 -5181 -1147 -4481 0 1074 -1521 0 -1805 -5922 0 -4748 559 0 7.81213023091919954e-05 1.84962546165119284e-04
VECTOR 35 1 69 -5181 -5181 5181 -5181 5181 -15543 -5181 5181 -475 -438 0 -980 -5 0 512 901 0 3707 4273 0 1.11462813192445589e-04 1.23986496920414568e-04
VECTOR 36 1 69 5181 15543 -5181 15543 -5181 15543 -5181 -5181 -157 -536 0 6589 6389 0 875 4570 0 -5845 -1040 0 6.88075147756885138e-05 1.08987783379488413e-04
VECTOR 37 1 69 15543 -15543 -5181 -5181 15543 15543 -15543 -5181 1228 -2244 0 1996 -1890 0 -1055 -9510 0 -10013 6474 0 5.27158811777239542e-05 1.71368514247870337e-04
VECTOR 38 1 69 15543 15543 15543 15543 15543 5181 5181 -5181 1280 -50 0 5326 -1472 0 5461 9745 0 -278 44 0 7.44475907144177162e-05 1.58644845856287269e-04
VECTOR 39 1 69 -5181 15543 15543 5181 5181 -5181 15543 -15543 2166 2319 0 -6747 1824 0 2379 11286 0 1419 -7372 0 6.10205461899458599e-05 1.85889064182953638e-04
VECTOR 40 1 69 15543 -15543 -15543 -15543 5181 -5181 -5181 15543 512 -4161 0 3849 -6568 0 -506 -11046 0 4099 6067 0 4.77176450399778834e-05 1.62422980908965664e-04
VECTOR 41 1 69 5181 -15543 5181 5181 -15543 -5181 15543 15543 -5169 1236 0 2403 -12616 0 3037 -5240 0 9148 -5054 0 3.76024082918107849e-05 1.11516543501808820e-04
VECTOR 42 1 69 -5181 15543 -15543 -15543 5181 15543 15543 5181 6243 1461 0 -4112 -1460 0 -8096 -1845 0 2847 -1293 0 8.42088031897407003e-05 9.04384183943605702e-05
VECTOR 43 1 69 -5181 -5181 -5181 15543 5181 -15543 15543 -5181 -1993 -2083 0 -6542 -1295 0 -4623 7675 0 6183 -4971 0 5.16794089492845560e-05 1.31858628048629593e-04
VECTOR 44 1 69 5181 -5181 -5181 -15543 -5181 -15543 -15543 -15543 1109 -3647 0 -3358 8201 0 5639 -3033 0 -5446 -1058 0 3.97319191459446952e-05 1.55210379282229755e-04
VECTOR 45 1 69 -5181 15543 -5181 5181 15543 -15543 5181 15543 1846 -1948 0 2855 1222 0 -4396 10344 0 11075 6572 0 4.72807762166478233e-05 8.90649592002809299e-05
VECTOR 46 1 69 -5181 -15543 5181 -5181 5181 15543 5181 -5181 281 3311 0 -6784 -6351 0 -4610 -7419 0 -4938 -1342 0 6.08456492967562513e-05 9.47417195519913478e-05
VECTOR 47 1 69 -15543 15543 -15543 5181 -5181 5181 -5181 -15543 2005 -661 0 -4505 13998 0 -6110 6369 0 -6686 -2678 0 4.00692761842314757e-05 8.51692497044850865e-05
VECTOR 48 1 69 15543 5181 15543 -15543 -15543 5181 5181 5181 655 2693 0 5241 -6761 0 12058 -6235 0 1766 -4728 0 3.87554333237461723e-05 9.31509458144191355e-05
VECTOR 49 1 69 15543 15543 -15543 5181 5181 -15543 -5181 15543 767 -6193 0 11126 3429 0 2535 6256 0 8460 6107 0 5.61902650468872384e-05 9.66956038468442668e-05
END_BLOCK
BLOCK 8 20260816 64 106 25
BANK 0 887 3736 -1001 -2347 4089 -2112 4492 -1511 -1214 -1648 4848 1827 859 -2565 -1534 -863 -2570 -241 -3132 1003 1013 -2699 1327 4331 4266 -3819 3832 -1860 1623 999 -2645 1796
BANK 1 90 3170 -1712 -1191 -4687 1303 -4691 5339 648 -617 -1975 4710 1121 191 2126 -4772 -1935 3564 1875 1559 -2416 2124 95 -3927 97 -167 38 -814 -3561 2977 1191 1243
VECTOR 0 0 0 -7584 12641 12641 2528 -7584 -2528 -12641 -7584 -10087 -3577 0 5283 4415 0 -1100 -4443 0 6490 3341 0 5.62485305704744917e-05 1.34782299199401377e-04
VECTOR 1 0 0 7584 2528 17697 -12641 7584 -12641 12641 -12641 -495 -8661 0 2908 -4050 0 -1010 3279 0 6135 -3439 0 8.17880873587817993e-05 1.48751297650844157e-04
VECTOR 2 0 0 17697 -17697 17697 -17697 12641 12641 -12641 -2528 2463 3621 0 7811 -4146 0 -2827 2135 0 5412 -13836 0 5.56720555877620053e-05 1.38558838278193900e-04
VECTOR 3 0 0 -17697 7584 -7584 2528 17697 -2528 -12641 -17697 -2869 -9291 0 332 540 0 8515 -9723 0 1561 9852 0 4.11849224864961307e-05 1.16389930058471793e-04
VECTOR 4 0 0 -7584 -7584 7584 -2528 -2528 17697 -17697 -17697 -4340 -1549 0 5688 5335 0 5787 -2352 0 1212 857 0 6.03315880096865848e-05 1.03898134049662009e-04
VECTOR 5 0 0 12641 -2528 12641 -12641 7584 12641 -2528 -12641 341 652 0 5907 -2623 0 2025 1241 0 5998 -4518 0 6.69915263358992856e-05 1.17575621512453819e-04
VECTOR 6 0 0 2528 -12641 17697 -7584 7584 17697 17697 2528 10111 320 0 6268 -1017 0 648 9207 0 -2472 -3916 0 5.21761882928763976e-05 1.39620045749976122e-04
VECTOR 7 0 0 17697 2528 -17697 2528 2528 7584 -17697 -2528 -1652 9059 0 -3732 -2022 0 1130 -7054 0 4267 -1493 0 4.17173297423848190e-05 1.24828796904570549e-04
VECTOR 8 0 0 -2528 17697 -7584 12641 2528 -17697 2528 -12641 -4021 -7746 0 -5227 1565 0 2120 -7486 0 5435 9734 0 4.42794663267757926e-05 1.14661713451202636e-04
VECTOR 9 0 0 12641 -7584 -7584 -7584 -17697 -12641 -2528 7584 -4249 5461 0 -5369 -2268 0 -5566 4069 0 -2517 -9667 0 6.84210124836959221e-05 9.42103578604306546e-05
VECTOR 10 0 0 17697 12641 17697 2528 -7584 2528 2528 2528 -3284 4099 0 4809 955 0 -6644 636 0 10390 -2594 0 6.21466552543880322e-05 7.16531078079547427e-05
VECTOR 11 0 0 2528 12641 2528 -2528 -7584 2528 -17697 2528 -9448 4987 0 3902 358 0 -2693 -4450 0 5583 -736 0 5.48516817897169416e-05 1.18733024666454551e-04
VECTOR 12 0 0 -2528 -2528 -2528 12641 -2528 -7584 2528 -17697 -143 -7776 0 -4713 5422 0 3546 -2955 0 1340 5403 0 5.74751398232075517e-05 9.46298511712281637e-05
VECTOR 13 0 0 -17697 17697 2528 -7584 -12641 -7584 17697 2528 -5282 -4178 0 1311 -1081 0 1751 5585 0 -4676 6682 0 6.98154354768540619e-05 1.86875551569438319e-04
VECTOR 14 0 0 -12641 -7584 7584 -2528 -7584 12641 2528 -2528 416 -1019 0 3911 3885 0 3063 4818 0 -5225 995 0 9.65847050423189289e-05 1.72855775838804711e-04
VECTOR 15 0 0 -7584 2528 -2528 2528 17697 7584 -17697 -7584 -628 -2221 0 3159 311 0 4470 -8662 0 3289 4419 0 6.79242846289410579e-05 1.45099259656996358e-04
VECTOR 16 0 0 7584 -2528 17697 -2528 -12641 7584 12641 2528 1065 2261 0 4176 2124 0 -3632 7949 0 1205 -4068 0 7.36910681924968930e-05 1.28645599304194147e-04
VECTOR 17 0 0 -17697 -2528 2528 -2528 7584 7584 -17697 12641 -1714 1633 0 5995 460 0 -646 -3140 0 -3133 -178 0 9.59942000052369979e-05 1.73557158448660949e-04
VECTOR 18 0 0 12641 -7584 -2528 12641 2528 -2528 -17697 12641 998 6203 0 -1798 1969 0 -7420 -5795 0 4243 -5755 0 6.32119307393816995e-05 1.35509008746045195e-04
VECTOR 19 0 0 -12641 12641 7584 7584 -12641 -12641 -12641 -2528 -11427 -4801 0 2015 5643 0 -2965 -5028 0 4126 4150 0 4.92575876848263262e-05 8.53188868422700291e-05
VECTOR 20 0 0 -12641 7584 7584 -17697 2528 -2528 -7584 -7584 -7886 -4814 0 5964 -3100 0 2858 -348 0 701 218 0 6.46857217191787047e-05 1.33750244792916730e-04
VECTOR 21 0 0 -17697 -2528 -17697 17697 7584 -2528 -2528 2528 4342 -3401 0 -5781 3807 0 4218 -5679 0 -6291 9142 0 4.75793915496520827e-05 6.72801778980655206e-05
VECTOR 22 0 0 17697 -12641 12641 -12641 -2528 12641 17697 7584 7807 6240 0 3156 -3758 0 -3250 11403 0 -1527 -9994 0 4.90841136356418370e-05 1.16289612850904367e-04
VECTOR 23 0 0 17697 -17697 -2528 -17697 2528 -12641 -17697 2528 -3005 3365 0 -1922 -6350 0 -5497 73 0 1484 -16031 0 5.19254803248088052e-05 1.02448427262665060e-04
VECTOR 24 0 0 -17697 12641 17697 -7584 12641 -7584 12641 -7584 -1065 -12190 0 6557 -1760 0 2604 987 0 2122 6263 0 5.11410804086702181e-05 1.33125136184535922e-04
VECTOR 25 1 106 -2528 -2528 -2528 12641 2528 -7584 -12641 -2528 5981 -2665 0 -5640 609 0 -712 5416 0 683 1131 0 7.82614737946722391e-05 1.00751671476882450e-04
VECTOR 26 1 106 17697 7584 -17697 -7584 -12641 -17697 2528 7584 1756 8254 0 7177 -5650 0 947 811 0 5336 3019 0 5.23683709456159368e-05 2.01872550312334325e-04
VECTOR 27 1 106 12641 7584 12641 -7584 7584 -12641 -7584 -2528 -1439 4833 0 388 5476 0 -1104 6839 0 94 2637 0 7.38434200975052218e-05 1.93575065105636271e-04
VECTOR 28 1 106 -7584 -2528 -12641 7584 -7584 12641 -7584 -2528 6479 -7322 0 -3438 -1705 0 -1893 -2730 0 -731 -4177 0 5.23219352352806741e-05 1.09350341881399223e-04
VECTOR 29 1 106 7584 -7584 -17697 -12641 12641 2528 2528 12641 -6221 1520 0 10627 -2925 0 784 148 0 -4684 3586 0 5.25984591117982888e-05 1.14009707054655925e-04
VECTOR 30 1 106 12641 -7584 17697 -12641 12641 -2528 -12641 -12641 3092 3667 0 -2713 7851 0 -1255 8851 0 -2837 -114 0 5.65347040450738997e-05 1.62054442299972273e-04
VECTOR 31 1 106 2528 -17697 -7584 -7584 -12641 17697 17697 2528 -3 711 0 4489 -5824 0 3683 -7425 0 67 -4388 0 5.28555058932081990e-05 1.93953230864210661e-04
VECTOR 32 1 106 -2528 -17697 12641 -12641 17697 7584 12641 -2528 -7291 3897 0 3370 1268 0 2672 -572 0 -4908 1606 0 7.16998792294110712e-05 2.44079436942981761e-04
VECTOR 33 1 106 -12641 -7584 2528 2528 -7584 2528 7584 2528 291 -2514 0 -645 -1198 0 4632 -4483 0 1528 -1204 0 6.71181793559306913e-05 1.65303126091125171e-04
VECTOR 34 1 106 17697 -17697 -12641 -2528 -12641 -12641 2528 -7584 11027 10116 0 -314 -7428 0 2253 4023 0 5573 428 0 3.96751388296628219e-05 7.90633729779484514e-05
VECTOR 35 1 106 -17697 12641 -7584 -12641 17697 -17697 2528 -12641 -2929 9431 0 2388 -2871 0 -3655 -3286 0 -110 6938 0 6.89311364595994875e-05 2.36495817371483680e-04
VECTOR 36 1 106 -2528 -17697 2528 -12641 -17697 -2528 17697 -2528 3248 6357 0 2942 -4216 0 8074 -5844 0 4966 -1741 0 6.49158946000700593e-05 1.05701841039859741e-04
VECTOR 37 1 106 2528 17697 -7584 -12641 17697 -17697 17697 12641 -16378 11076 0 12710 -4570 0 -996 -2973 0 -754 9750 0 2.00820481090300062e-05 9.50915667206120226e-05
VECTOR 38 1 106 17697 -12641 -17697 -7584 7584 -2528 7584 12641 -4418 5612 0 9752 -5993 0 1639 2402 0 -2039 4028 0 5.06677064375270144e-05 1.03014944920294991e-04
VECTOR 39 1 106 -2528 2528 -17697 -17697 -17697 12641 -17697 17697 3417 -13197 0 8716 5350 0 4517 -4372 0 -1989 -5140 0 3.79168364686633376e-05 1.18588126012793282e-04
VECTOR 40 1 106 -2528 7584 -7584 17697 2528 12641 -2528 7584 -2878 -8156 0 -2081 -1304 0 -4111 -1028 0 -2682 -1440 0 1.01342961126650279e-04 1.33090016684240782e-04
VECTOR 41 1 106 -12641 -2528 17697 17697 2528 12641 7584 -2528 -3219 -5815 0 -7542 1688 0 -189 -2111 0 -1284 -2621 0 8.59586309538260711e-05 2.32807688745909639e-04
VECTOR 42 1 106 12641 17697 -2528 -12641 -17697 7584 2528 -17697 5493 6361 0 -1021 -1699 0 -7030 -5149 0 3616 -5886 0 6.74109102458806162e-05 1.28828296384796040e-04
VECTOR 43 1 106 -17697 12641 12641 -12641 17697 7584 7584 17697 -18387 -6310 0 9147 7137 0 2683 -6126 0 -6590 3027 0 3.11282157819498754e-05 6.40308216952155401e-05
VECTOR 44 1 106 17697 17697 7584 2528 2528 12641 7584 -2528 -7012 2486 0 -1 266 0 -7886 -598 0 -1675 -2343 0 5.94832627954834940e-05 1.32712159544498272e-04
VECTOR 45 1 106 7584 17697 2528 17697 2528 -17697 -12641 -12641 6063 4295 0 -9369 -132 0 -7322 7719 0 3817 2371 0 5.37159034015597127e-05 1.30170367026090518e-04
VECTOR 46 1 106 -2528 -17697 7584 -12641 -12641 -17697 17697 17697 -4111 4940 0 8746 -1117 0 14722 -2353 0 5101 3693 0 5.07306997993993203e-05 1.00272631827280252e-04
VECTOR 47 1 106 -7584 7584 7584 17697 -2528 7584 7584 -17697 2700 1341 0 -10448 -3383 0 -6378 -3165 0 1995 -3032 0 7.06954168881455188e-05 1.30317903917935232e-04
VECTOR 48 1 106 2528 12641 7584 2528 17697 2528 -17697 17697 -9004 -10406 0 2974 10110 0 -1219 6334 0 -6648 2288 0 4.55875648596005092e-05 8.47230296288901702e-05
VECTOR 49 1 106 17697 -12641 -2528 -7584 -7584 7584 17697 -7584 1227 9496 0 2189 -6687 0 -488 -2153 0 1725 -2382 0 5.75191662737448907e-05 1.07776940710588751e-04
END_BLOCK
BLOCK 9 20260817 4 143 25
BANK 0 -2476 554 3789 -2245 197 3084 -789 1502 2643 -2485 1539 -1071 -4802 2079 -339 1601 4546 -459 769 -1398 5334 -3321 -6752 -1002 1406 -1745 -2601 392 -1722 -1432 1176 2145
BANK 1 -270 2402 -327 4479 111 -4251 2376 1113 -743 -6856 754 -2470 412 1260 2464 -283 -2377 -1221 1273 2878 1287 1168 -2644 1398 -4480 1964 -550 -642 -3103 3697 -4289 -2997
VECTOR 0 0 0 -11585 -11585 -11585 -11585 11585 -11585 -11585 -11585 1816 1804 0 -6025 3531 0 418 -3082 0 -1657 -342 0 1.15408024106177507e-04 2.52941309623516838e-04
VECTOR 1 0 0 -11585 11585 11585 -11585 11585 11585 11585 11585 -1211 -3585 0 -6018 747 0 -1281 -2053 0 -2212 4462 0 1.17575374818040102e-04 2.79105605777837267e-04
VECTOR 2 0 0 -11585 -11585 11585 11585 11585 -11585 11585 -11585 9233 6112 0 -2814 6456 0 -6066 -5389 0 -4226 -432 0 5.09980369819462820e-05 6.55789179484787729e-05
VECTOR 3 0 0 11585 11585 -11585 -11585 11585 11585 11585 11585 -10070 373 0 -4457 -1252 0 4061 -725 0 3454 1440 0 6.32261164906742785e-05 1.50552191766717446e-04
VECTOR 4 0 0 -11585 -11585 11585 11585 11585 11585 -11585 -11585 5988 4267 0 -5274 -2599 0 8179 3572 0 -3864 -5901 0 6.45989063423597318e-05 1.20606683288347090e-04
VECTOR 5 0 0 -11585 -11585 -11585 11585 11585 -11585 -11585 11585 2867 6047 0 -6775 5228 0 3812 -11543 0 -5245 -2357 0 5.61252691070461313e-05 1.30779570763231331e-04
VECTOR 6 0 0 -11585 11585 -11585 -11585 11585 11585 11585 -11585 -4445 706 0 -5930 2741 0 -3785 9473 0 4499 2245 0 5.19541425120291663e-05 1.44100287219479597e-04
VECTOR 7 0 0 -11585 11585 11585 11585 -11585 11585 11585 -11585 3810 -1472 0 4552 463 0 -8264 13280 0 2702 1146 0 3.78773209478314727e-05 9.81755220220988209e-05
VECTOR 8 0 0 11585 11585 -11585 -11585 -11585 -11585 11585 -11585 -3864 -3151 0 7538 3078 0 -9596 5977 0 6898 4238 0 4.58311675439863230e-05 1.24317750039376482e-04
VECTOR 9 0 0 11585 -11585 -11585 11585 -11585 -11585 11585 -11585 95 5709 0 5539 1517 0 -8268 636 0 3876 -1429 0 6.07088732006375178e-05 1.09229230017193315e-04
VECTOR 10 0 0 -11585 11585 -11585 -11585 11585 11585 11585 -11585 -4445 706 0 -5930 2741 0 -3785 9473 0 4499 2245 0 5.19541425120291663e-05 1.44100287219479597e-04
VECTOR 11 0 0 11585 -11585 -11585 -11585 11585 11585 11585 11585 -9287 3875 0 -7971 -4990 0 3412 -7154 0 986 -548 0 3.86734056577052966e-05 1.27504100250885953e-04
VECTOR 12 0 0 -11585 11585 11585 11585 11585 11585 11585 11585 1964 1773 0 -4503 2924 0 696 -965 0 -2767 784 0 1.33501150881467539e-04 3.02919541579638033e-04
VECTOR 13 0 0 -11585 11585 -11585 11585 -11585 -11585 11585 -11585 2813 1424 0 5315 8769 0 -14048 7714 0 4355 3027 0 3.00402883830378921e-05 1.16650349907630231e-04
VECTOR 14 0 0 -11585 11585 11585 -11585 11585 -11585 -11585 -11585 6391 -4872 0 -334 5754 0 2155 1370 0 -2867 2201 0 8.93436142969578941e-05 1.37898744402368509e-04
VECTOR 15 0 0 11585 -11585 -11585 11585 11585 -11585 -11585 -11585 1489 7946 0 -773 2193 0 8824 -2644 0 -223 -6488 0 5.28316161174655275e-05 1.14527802941708073e-04
VECTOR 16 0 0 11585 -11585 -11585 11585 11585 -11585 -11585 11585 -635 6831 0 -3037 1713 0 10241 -12192 0 -3256 -4824 0 4.73036749731316515e-05 1.25260494691778403e-04
VECTOR 17 0 0 11585 -11585 -11585 11585 11585 11585 11585 11585 -6112 9233 0 -6456 -2814 0 5389 -6066 0 432 -4226 0 5.09980369819462820e-05 6.55789179484787729e-05
VECTOR 18 0 0 -11585 11585 -11585 -11585 -11585 11585 -11585 -11585 -3608 -5780 0 1340 -2463 0 -1780 15586 0 5271 1237 0 4.75234753378583812e-05 7.79306907407091993e-05
VECTOR 19 0 0 11585 11585 -11585 -11585 11585 11585 11585 11585 -10070 373 0 -4457 -1252 0 4061 -725 0 3454 1440 0 6.32261164906742785e-05 1.50552191766717446e-04
VECTOR 20 0 0 -11585 -11585 11585 -11585 -11585 -11585 -11585 11585 4771 -6847 0 678 -1404 0 -4621 -9911 0 -5933 3901 0 5.73748609755494370e-05 1.05947967299070846e-04
VECTOR 21 0 0 11585 11585 -11585 11585 -11585 -11585 11585 11585 -2813 1092 0 6789 4775 0 -6202 -2484 0 3310 2222 0 4.74717538395282081e-05 1.47144284999265276e-04
VECTOR 22 0 0 11585 -11585 11585 -11585 11585 11585 -11585 11585 -2813 -1424 0 -5315 -8769 0 14048 -7714 0 -4355 -3027 0 3.00402883830378921e-05 1.16650349907630231e-04
VECTOR 23 0 0 -11585 -11585 -11585 -11585 11585 11585 -11585 -11585 -2546 2083 0 -8965 -3260 0 5114 4461 0 368 -2777 0 7.24825185732353258e-05 2.07730094042317599e-04
VECTOR 24 0 0 11585 -11585 -11585 11585 -11585 -11585 -11585 -11585 1211 3585 0 6018 -747 0 1281 2053 0 2212 -4462 0 1.17575374818040102e-04 2.79105605777837267e-04
VECTOR 25 1 143 -11585 11585 -11585 11585 -11585 11585 11585 11585 -623 264 0 7347 7545 0 -4985 -2749 0 1288 -14452 0 4.13268525684507644e-05 7.10491162261028694e-05
VECTOR 26 1 143 11585 11585 -11585 -11585 11585 -11585 -11585 -11585 -2311 -6980 0 1283 -5102 0 4911 -4682 0 -3288 9024 0 6.50451069433507660e-05 1.29073799160434011e-04
VECTOR 27 1 143 11585 -11585 -11585 -11585 -11585 -11585 11585 11585 2715 4348 0 -5111 -2749 0 -4351 -4735 0 2051 -173 0 9.65163976543899756e-05 1.18278250435757589e-04
VECTOR 28 1 143 -11585 -11585 -11585 -11585 -11585 -11585 11585 11585 3096 951 0 -4060 6946 0 -990 -3008 0 8386 -2950 0 4.86462173297697148e-05 1.43442383380796456e-04
VECTOR 29 1 143 -11585 11585 -11585 -11585 -11585 11585 11585 11585 5711 726 0 3854 6478 0 -915 -4549 0 380 -13674 0 5.02537195813786223e-05 9.53410400504979463e-05
VECTOR 30 1 143 -11585 -11585 11585 11585 11585 11585 11585 11585 2468 968 0 -700 6884 0 -3091 6334 0 -1100 -3796 0 7.18896149018276054e-05 1.70330761507249135e-04
VECTOR 31 1 143 -11585 11585 -11585 11585 11585 -11585 -11585 11585 -9838 -7479 0 6227 9144 0 2226 -4894 0 8194 -597 0 3.78078160978923071e-05 8.36189484003168422e-05
VECTOR 32 1 143 11585 -11585 11585 -11585 -11585 -11585 -11585 -11585 466 5748 0 -7929 -9327 0 3165 1097 0 3100 9223 0 4.54214902227248720e-05 1.24659802786162741e-04
VECTOR 33 1 143 11585 11585 11585 11585 -11585 -11585 11585 -11585 -5905 6478 0 8744 -9711 0 -2917 1513 0 -4835 -2128 0 4.34351891338315415e-05 8.56183311489365658e-05
VECTOR 34 1 143 -11585 11585 11585 -11585 -11585 11585 -11585 -11585 3463 2126 0 1035 -99 0 6601 1283 0 1430 -4278 0 8.34980888706516884e-05 1.39068433198016471e-04
VECTOR 35 1 143 -11585 11585 11585 -11585 -11585 -11585 -11585 11585 -4123 5329 0 3217 2803 0 6276 -4276 0 10896 -5955 0 4.58286705245885938e-05 6.91932589670262761e-05
VECTOR 36 1 143 11585 -11585 11585 -11585 11585 -11585 -11585 -11585 623 -264 0 -7347 -7545 0 4985 2749 0 -1288 14452 0 4.13268525684507644e-05 7.10491162261028694e-05
VECTOR 37 1 143 -11585 -11585 -11585 -11585 11585 -11585 -11585 -11585 1467 -9995 0 -7362 5644 0 6546 406 0 5825 12582 0 2.45351381509007345e-05 7.53834452834920379e-05
VECTOR 38 1 143 11585 -11585 -11585 11585 11585 11585 -11585 11585 -811 -3543 0 -6302 1082 0 -4514 -1440 0 -593 4128 0 7.85626785399314476e-05 2.09447301041763894e-04
VECTOR 39 1 143 11585 -11585 11585 11585 -11585 11585 -11585 11585 -1430 8803 0 -5818 -4193 0 -4534 979 0 3018 -2008 0 5.87953388503438499e-05 1.40960483608727858e-04
VECTOR 40 1 143 11585 -11585 -11585 -11585 -11585 11585 -11585 11585 5366 2931 0 -10377 -1766 0 -2264 -4892 0 2888 -322 0 5.57055595216156404e-05 7.35131696631078079e-05
VECTOR 41 1 143 -11585 11585 11585 11585 11585 -11585 -11585 11585 -10300 -1145 0 7293 5651 0 4026 -824 0 7416 -1505 0 4.11282835337036532e-05 1.19693274804918832e-04
VECTOR 42 1 143 -11585 -11585 -11585 -11585 -11585 11585 11585 -11585 10682 -2252 0 -6242 4045 0 -665 2551 0 -1080 -1273 0 5.86311977835530528e-05 1.51286068185022910e-04
VECTOR 43 1 143 -11585 11585 11585 11585 11585 11585 -11585 11585 -4289 -988 0 5511 6234 0 2374 996 0 2188 -5893 0 7.57181120013739371e-05 1.97431755946739478e-04
VECTOR 44 1 143 -11585 -11585 -11585 -11585 11585 11585 11585 -11585 10839 -8264 0 -5660 5826 0 1155 4203 0 -5469 3955 0 5.41205933659153184e-05 8.92241733803326585e-05
VECTOR 45 1 143 -11585 11585 -11585 -11585 11585 11585 11585 11585 5868 -5286 0 4436 8260 0 905 -2898 0 -4008 -8446 0 5.73306937345345686e-05 9.59854932761291683e-05
VECTOR 46 1 143 11585 11585 -11585 11585 -11585 -11585 -11585 -11585 -8803 -1430 0 4193 -5818 0 -979 -4534 0 2008 3018 0 5.87953388503438499e-05 1.40960483608727858e-04
VECTOR 47 1 143 11585 11585 -11585 -11585 11585 11585 -11585 -11585 3700 -6823 0 -499 -4520 0 3260 -2862 0 -8516 4636 0 5.37181575564033790e-05 1.04199010766171005e-04
VECTOR 48 1 143 -11585 11585 11585 11585 11585 -11585 -11585 11585 -10300 -1145 0 7293 5651 0 4026 -824 0 7416 -1505 0 4.11282835337036532e-05 1.19693274804918832e-04
VECTOR 49 1 143 -11585 11585 -11585 11585 -11585 -11585 -11585 11585 -9995 -1467 0 5644 7362 0 406 -6546 0 12582 -5825 0 2.45351381509007345e-05 7.53834452834920379e-05
END_BLOCK
BLOCK 10 20260818 16 180 25
BANK 0 -840 -128 -2250 788 1715 -636 -1086 363 2256 82 -4082 -1148 719 -836 1937 -5069 1402 -2831 3771 -2347 -3652 7385 -685 -1398 3231 -1000 1334 -2230 -1628 -5224 748 -1983
BANK 1 177 2475 1858 -2831 -2130 -3973 6960 2911 681 3916 -1890 -945 -2002 -1032 -2326 -3384 -686 -4539 -3852 772 -713 1374 -432 -2135 -2137 -4077 2859 -69 -1891 -907 1689 -320
VECTOR 0 0 0 15543 -5181 15543 15543 -5181 -15543 5181 -5181 -5094 -2210 0 -2628 -8230 0 13741 -874 0 1298 -488 0 5.31326101433436779e-05 1.12871139469415845e-04
VECTOR 1 0 0 -15543 -5181 15543 15543 5181 5181 -5181 -15543 -694 257 0 -9827 -6024 0 -1021 5866 0 -981 -3172 0 6.31187818843550731e-05 1.70966721799643048e-04
VECTOR 2 0 0 5181 -5181 5181 -15543 -5181 5181 -15543 5181 304 2664 0 -1838 8735 0 -1574 -8039 0 1096 -54 0 6.72648072970649571e-05 9.89498363322246154e-05
VECTOR 3 0 0 -5181 -15543 5181 -15543 15543 5181 15543 5181 863 3161 0 1371 -3419 0 -10171 -446 0 -2220 -11835 0 4.45961270728354809e-05 5.87385568516549350e-05
VECTOR 4 0 0 15543 -15543 -5181 -5181 -15543 15543 5181 -5181 -1210 3826 0 2266 -1149 0 -7490 -15162 0 7099 -1183 0 3.96213792819344852e-05 1.01677219034307113e-04
VECTOR 5 0 0 -5181 15543 15543 15543 15543 5181 -15543 15543 19 -3579 0 343 3233 0 4223 10104 0 4587 -348 0 6.76070046771248492e-05 2.06665280269963434e-04
VECTOR 6 0 0 -5181 5181 -5181 -5181 -5181 5181 15543 5181 -219 982 0 3666 -1363 0 -2871 -4145 0 1671 1114 0 1.15300523934797468e-04 2.21454744699669550e-04
VECTOR 7 0 0 -5181 5181 -15543 -15543 5181 -15543 -15543 -15543 4502 20 0 -5168 7674 0 -177 7764 0 -12148 3252 0 4.26827098329678382e-05 1.01211210454068550e-04
VECTOR 8 0 0 5181 15543 -5181 15543 15543 -15543 5181 15543 156 -6367 0 8326 -2584 0 8814 14133 0 -718 1391 0 3.65597733512981748e-05 1.11652346205811843e-04
VECTOR 9 0 0 -5181 5181 -5181 5181 15543 15543 -15543 -5181 4144 -163 0 -1051 3845 0 -10261 8357 0 1653 -2391 0 5.43526775070731324e-05 6.85655623783962574e-05
VECTOR 10 0 0 -15543 -15543 15543 -5181 15543 15543 5181 -15543 1021 4546 0 -9019 -5568 0 -13194 1686 0 -1687 -12491 0 3.02029387835596074e-05 1.18854574868441042e-04
VECTOR 11 0 0 -5181 -5181 15543 -5181 -15543 15543 5181 5181 -3142 3767 0 -2597 -53 0 -1819 -14096 0 6586 -222 0 4.33810870326317900e-05 5.61141128517098208e-05
VECTOR 12 0 0 5181 -5181 -5181 5181 -15543 -5181 -5181 5181 -1443 -1133 0 2437 1166 0 5556 -5030 0 1272 6123 0 7.87779394139118079e-05 1.43175926643634218e-04
VECTOR 13 0 0 -5181 5181 -5181 -5181 -5181 -5181 5181 -15543 524 1041 0 -4500 -1062 0 465 -84 0 -4614 2451 0 1.39837458704870633e-04 1.58121176010201883e-04
VECTOR 14 0 0 15543 -5181 -15543 -15543 15543 5181 5181 5181 3415 1241 0 8111 2770 0 -10944 712 0 339 -6982 0 7.00660027073070785e-05 1.29973134140141591e-04
VECTOR 15 0 0 15543 15543 -15543 -5181 -15543 -5181 5181 15543 -808 -1809 0 10047 5398 0 6606 -7265 0 4053 9363 0 5.19790303718859194e-05 1.03976229502014596e-04
VECTOR 16 0 0 -5181 -5181 -15543 -5181 5181 15543 5181 15543 3067 780 0 9264 2293 0 -12709 -735 0 3250 -2126 0 4.72777658007207915e-05 7.40136105389164588e-05
VECTOR 17 0 0 15543 -5181 5181 -5181 -15543 -15543 -5181 -5181 -3072 310 0 -3178 1394 0 11130 -7946 0 -1809 3793 0 6.12793244021446400e-05 1.16509132237287369e-04
VECTOR 18 0 0 5181 15543 5181 -15543 15543 15543 -15543 -15543 3497 3256 0 -6915 8536 0 -9052 1633 0 1097 -4550 0 5.50456881570835215e-05 1.29244529807792782e-04
VECTOR 19 0 0 15543 5181 5181 15543 -15543 5181 5181 -15543 -3640 18 0 -2701 -5864 0 5231 -7360 0 7470 3738 0 7.02823881936633196e-05 1.61061244221218195e-04
VECTOR 20 0 0 -15543 5181 -15543 -5181 5181 15543 -15543 -15543 5741 1931 0 -4283 6404 0 -13592 5010 0 -2869 1639 0 6.06749213233091639e-05 1.18284407281116040e-04
VECTOR 21 0 0 5181 -5181 -5181 -5181 -15543 15543 15543 15543 -1744 2232 0 8425 -530 0 -5252 -14235 0 8670 1185 0 5.37322612337953986e-05 8.63400719870990922e-05
VECTOR 22 0 0 15543 15543 -5181 -5181 15543 15543 -5181 5181 2744 109 0 5456 5976 0 -7731 1961 0 6689 -3237 0 5.17206966024663157e-05 1.28787526099637811e-04
VECTOR 23 0 0 -5181 15543 5181 5181 5181 5181 -5181 -5181 628 -649 0 -3443 1414 0 461 4515 0 1328 1322 0 1.25874086200204277e-04 1.64308440115839904e-04
VECTOR 24 0 0 -15543 -15543 -5181 5181 5181 -15543 -15543 -5181 2222 -1871 0 -4415 104 0 1593 10633 0 -10538 548 0 4.03884602648498675e-05 1.33462942604288830e-04
VECTOR 25 1 180 -5181 -5181 5181 15543 -15543 5181 -15543 5181 -246 2564 0 6824 -725 0 -1842 -1398 0 936 5756 0 7.89568132325497768e-05 1.73893479750556769e-04
VECTOR 26 1 180 15543 -15543 5181 -15543 -15543 15543 -15543 -15543 2366 -8094 0 4741 9060 0 -7685 699 0 -4308 -6807 0 4.98668166342472515e-05 1.34407016185511497e-04
VECTOR 27 1 180 5181 15543 5181 -15543 -15543 5181 15543 -15543 8251 -2453 0 -8185 2721 0 1410 -1332 0 7410 -7694 0 2.56747273142827834e-05 1.03567509583558110e-04
VECTOR 28 1 180 5181 5181 15543 5181 -15543 -5181 5181 5181 3976 6305 0 -610 -234 0 -1031 -4028 0 5490 765 0 7.53575219038121904e-05 1.01346761000652212e-04
VECTOR 29 1 180 -15543 15543 -5181 -15543 15543 15543 -5181 5181 -7162 -7557 0 -3774 -3521 0 5739 8231 0 3559 -2869 0 3.55131156323039473e-05 9.78247283532890079e-05
VECTOR 30 1 180 -5181 -5181 15543 15543 15543 15543 5181 -5181 10045 -8832 0 -2599 -7356 0 -8397 -1181 0 1664 1322 0 3.77910154749664531e-05 1.35545337130812190e-04
VECTOR 31 1 180 -15543 -15543 -5181 5181 5181 -15543 -15543 5181 -9478 -829 0 5630 -612 0 -518 6494 0 -5682 9166 0 4.43629758824232580e-05 5.95599001728753372e-05
VECTOR 32 1 180 5181 -5181 -5181 15543 5181 -15543 -5181 15543 -6468 9831 0 5282 -35 0 2073 -3741 0 -4493 5331 0 6.42576450701311459e-05 9.02882710790237709e-05
VECTOR 33 1 180 15543 15543 -15543 5181 -5181 -15543 -5181 -5181 -7423 5945 0 -1658 8691 0 8056 -5854 0 -1748 -3278 0 5.08561523955679826e-05 1.25528063573727359e-04
VECTOR 34 1 180 15543 5181 -15543 -5181 5181 15543 15543 -15543 9187 -2616 0 -4169 2195 0 719 -5895 0 -1911 -9369 0 3.67354743066794354e-05 7.28145162982741508e-05
VECTOR 35 1 180 -5181 15543 5181 5181 5181 5181 -15543 15543 -9703 989 0 881 -1445 0 4836 1635 0 3860 1165 0 7.26150704304081776e-05 1.22340590474276595e-04
VECTOR 36 1 180 -5181 15543 -5181 15543 5181 15543 -15543 -5181 -2892 -6196 0 -954 -366 0 3214 -1194 0 2264 -315 0 1.13792844328878783e-04 1.86883001832514845e-04
VECTOR 37 1 180 -15543 15543 5181 -5181 15543 -15543 15543 -5181 -1090 -4851 0 -11412 -4325 0 3525 5209 0 5624 1010 0 6.09583994617897789e-05 1.75892661969347802e-04
VECTOR 38 1 180 -5181 15543 5181 -15543 15543 15543 -15543 -5181 -8436 -14025 0 -5208 1969 0 1792 7472 0 2745 -6357 0 2.71707631339596561e-05 8.79276877037178520e-05
VECTOR 39 1 180 -15543 5181 15543 5181 -5181 -15543 -5181 15543 -6351 4569 0 221 -3905 0 1879 4111 0 5558 7815 0 6.29248243805560976e-05 9.56419397953804477e-05
VECTOR 40 1 180 5181 -15543 -15543 5181 -5181 15543 -15543 -15543 2138 -6241 0 6631 4735 0 -3806 -1411 0 -7681 -1098 0 6.41613197805916528e-05 1.67973667787944326e-04
VECTOR 41 1 180 5181 -5181 -15543 -5181 5181 5181 -15543 -5181 -6919 -4068 0 3778 5504 0 1321 1638 0 -6714 -2567 0 7.98541582507856699e-05 1.42027390103267425e-04
VECTOR 42 1 180 5181 -15543 5181 -5181 5181 -5181 5181 5181 1447 1671 0 2409 -608 0 -4749 526 0 -3911 556 0 1.05369732613415788e-04 1.23207001395695098e-04
VECTOR 43 1 180 5181 5181 -15543 5181 -15543 -5181 -5181 -15543 -269 1031 0 167 6641 0 3851 -3596 0 -1408 -1038 0 8.85310619508078699e-05 2.36942253758190726e-04
VECTOR 44 1 180 -15543 -5181 15543 -15543 5181 5181 5181 5181 1555 -5661 0 -2069 -5799 0 -3828 8307 0 3709 1314 0 4.07423405571100906e-05 1.24088490007486825e-04
VECTOR 45 1 180 5181 -5181 -5181 5181 -15543 15543 15543 -5181 14459 4519 0 1952 -2671 0 -2390 -6549 0 1308 -1459 0 5.05463867815338167e-05 9.95241740761407544e-05
VECTOR 46 1 180 -5181 5181 -5181 -15543 5181 -15543 -15543 -5181 -14237 -5792 0 -2228 6588 0 4415 7901 0 -2166 -800 0 5.43741080348070574e-05 9.32523850724387328e-05
VECTOR 47 1 180 -5181 -5181 -5181 15543 -15543 15543 -15543 -15543 4773 -5797 0 4392 1549 0 -2975 -1791 0 -704 2467 0 8.55490358162435565e-05 2.29761217747240009e-04
VECTOR 48 1 180 15543 -15543 5181 -5181 15543 15543 5181 5181 5237 -1971 0 2879 -1316 0 -7372 -2378 0 -5311 -4988 0 3.47218975837580062e-05 1.49057336904412564e-04
VECTOR 49 1 180 -5181 -15543 -5181 -5181 15543 15543 -15543 -15543 -1284 -15797 0 1875 1551 0 -6222 6122 0 -6957 -1519 0 4.55057676667456880e-05 9.43709691411448914e-05
END_BLOCK
BLOCK 11 20260819 64 217 25
BANK 0 1505 1091 -4880 6247 3167 -778 765 742 -1152 -6137 -2082 -1013 -3552 244 1785 386 -246 1421 -1724 -85 -5394 1550 343 -3373 -4933 -377 -241 -245 -1815 657 -819 1401
BANK 1 555 -2996 1579 311 3964 -1182 -1442 3197 -3795 1388 6719 -1879 -3943 1483 -2142 932 1648 6047 2604 30 1274 1790 -484 -968 354 -2427 485 -2674 3376 -3038 -166 1354
VECTOR 0 0 0 12641 2528 2528 -17697 12641 -12641 17697 -7584 10000 4713 0 -1803 -301 0 -4924 4463 0 -5179 2970 0 6.38603977130741457e-05 7.90772433275324009e-05
VECTOR 1 0 0 7584 -12641 -7584 -17697 7584 -7584 -2528 12641 10960 373 0 -7503 3841 0 2459 6748 0 -4218 4301 0 5.02390040447833254e-05 1.31039880813289957e-04
VECTOR 2 0 0 12641 -12641 2528 17697 -2528 -7584 17697 -2528 -5406 -5289 0 -2202 -4503 0 2132 -2028 0 -3954 5595 0 6.94812962970563696e-05 1.56217920995274970e-04
VECTOR 3 0 0 2528 17697 -2528 -17697 -12641 -17697 17697 -2528 4211 3964 0 10670 4004 0 4287 2763 0 860 -1995 0 4.30747905637199105e-05 1.67134042249491357e-04
VECTOR 4 0 0 12641 7584 7584 -2528 7584 17697 2528 -7584 2129 8004 0 -622 -9906 0 -7338 -4579 0 -4809 -3712 0 4.60106620883439973e-05 1.10066437355156038e-04
VECTOR 5 0 0 12641 12641 7584 12641 -17697 7584 17697 2528 -9108 4355 0 9256 -8914 0 3981 -8224 0 -2882 -4559 0 3.78419165256597411e-05 9.50122413118823189e-05
VECTOR 6 0 0 17697 17697 -2528 12641 17697 2528 17697 2528 633 -1357 0 4482 -8915 0 -6644 -2796 0 -7858 -4067 0 6.55293021331974777e-05 9.43466129831931158e-05
VECTOR 7 0 0 17697 -7584 17697 -17697 2528 -12641 2528 -2528 3728 9933 0 -7453 -2379 0 -1666 7247 0 -5711 3716 0 4.64855949879440858e-05 1.10386166504224887e-04
VECTOR 8 0 0 -2528 -17697 -2528 2528 17697 -2528 17697 17697 4061 -3212 0 -8261 5183 0 279 -973 0 -3828 7005 0 5.59165471721937083e-05 1.57165190508959401e-04
VECTOR 9 0 0 7584 2528 17697 -12641 2528 -2528 17697 -17697 2073 10616 0 -782 -3432 0 -6127 -1084 0 -2225 1765 0 6.46561061409126135e-05 1.08923381407188222e-04
VECTOR 10 0 0 -12641 2528 -2528 7584 2528 -12641 -17697 17697 -5208 -6371 0 -79 8039 0 3912 6495 0 3613 -1440 0 5.10542910117541462e-05 9.49534932227911246e-05
VECTOR 11 0 0 -2528 -7584 -7584 -7584 2528 17697 17697 -17697 8380 1778 0 -635 -2397 0 -4325 -8869 0 224 3105 0 4.78556907261416361e-05 9.43326437557527023e-05
VECTOR 12 0 0 -12641 -12641 12641 -7584 12641 -7584 7584 2528 1130 3471 0 -7782 8092 0 -2848 2010 0 1524 5889 0 6.26630625759144408e-05 1.48745211608408923e-04
VECTOR 13 0 0 7584 -12641 7584 2528 2528 -2528 -7584 7584 -2013 884 0 -7591 -1509 0 1007 3334 0 -3096 2835 0 7.70137000462146979e-05 1.07897927540485120e-04
VECTOR 14 0 0 -7584 17697 7584 -7584 17697 7584 -2528 -12641 2993 6192 0 1802 -726 0 -11457 -732 0 1408 -4870 0 6.24488771243910859e-05 1.38053062081447934e-04
VECTOR 15 0 0 12641 -12641 7584 -17697 -12641 -12641 -2528 -12641 3902 5295 0 -4731 -951 0 2719 6331 0 -1359 4971 0 8.53189340433602606e-05 1.54951805117035853e-04
VECTOR 16 0 0 7584 7584 -17697 -12641 -17697 17697 -7584 17697 6547 2963 0 6105 -3024 0 8662 -3603 0 -1921 -6211 0 6.03729647704350202e-05 1.46081035935681405e-04
VECTOR 17 0 0 12641 2528 2528 -7584 -12641 -2528 -7584 12641 -359 4655 0 922 -2547 0 6130 3306 0 -3099 -2486 0 8.93549705005989507e-05 2.21841234145060700e-04
VECTOR 18 0 0 17697 -2528 -2528 -7584 -17697 -12641 -17697 2528 477 -45 0 -302 -2996 0 7352 8568 0 -2327 -446 0 7.77970961278576548e-05 1.61995168062702003e-04
VECTOR 19 0 0 17697 -2528 2528 12641 17697 -7584 12641 7584 -471 -3235 0 -4256 -5182 0 -3530 1957 0 -8171 2382 0 6.07261802014340640e-05 1.24548139845807475e-04
VECTOR 20 0 0 -17697 -12641 -7584 -17697 -7584 2528 17697 -12641 8276 1100 0 211 8614 0 2094 -4901 0 5819 6148 0 5.09413723529748413e-05 1.57652390941862963e-04
VECTOR 21 0 0 7584 17697 7584 17697 -2528 17697 7584 -17697 -7981 2809 0 7754 -12427 0 -6681 -9507 0 -1019 -6405 0 4.37045177124793864e-05 1.16226718753542762e-04
VECTOR 22 0 0 -7584 7584 -7584 12641 -17697 -17697 2528 -2528 -7791 -9049 0 9555 4527 0 7353 1516 0 5518 -588 0 4.81165561141384341e-05 1.08996025387742159e-04
VECTOR 23 0 0 12641 -12641 -12641 17697 17697 -12641 2528 -17697 2760 -14406 0 -5879 -4178 0 -5892 4435 0 -3713 6655 0 4.22056230449573621e-05 7.50797807432914327e-05
VECTOR 24 0 0 12641 -17697 -7584 -7584 -2528 2528 -2528 -17697 7805 -1749 0 -6371 -4631 0 -999 1278 0 -2397 5549 0 5.99361688124302856e-05 1.15996095319424993e-04
VECTOR 25 1 217 12641 7584 -17697 2528 -7584 -17697 -12641 7584 -3417 -9016 0 -5890 4242 0 -2180 4116 0 -4058 -2107 0 7.39665187615546986e-05 1.82488881974525170e-04
VECTOR 26 1 217 -7584 2528 -12641 7584 2528 2528 12641 -7584 4 5527 0 -4830 4663 0 -4620 -1413 0 2563 4639 0 7.74164304748860488e-05 1.37269492207537291e-04
VECTOR 27 1 217 2528 -12641 -17697 -7584 7584 -2528 17697 -2528 -3199 560 0 -11408 4694 0 2315 -1915 0 -2456 1577 0 4.81677961335654937e-05 1.40354491926397056e-04
VECTOR 28 1 217 7584 17697 -2528 17697 7584 -7584 7584 -12641 6000 1081 0 -3674 8686 0 -5756 7551 0 6723 -2019 0 6.03663070264010861e-05 1.25484533806136507e-04
VECTOR 29 1 217 12641 -17697 -7584 17697 7584 12641 -2528 2528 -1399 446 0 -5292 10467 0 5998 7570 0 4039 471 0 4.67839746631600246e-05 1.37816418141821918e-04
VECTOR 30 1 217 17697 17697 -7584 12641 -2528 -12641 12641 -7584 1708 -1304 0 -6727 7978 0 -5617 8525 0 2476 -1642 0 5.36808643408610516e-05 1.55531347952821922e-04
VECTOR 31 1 217 -7584 2528 -7584 2528 7584 -7584 -2528 -7584 2417 -636 0 -1655 4038 0 -1861 -1545 0 1208 -610 0 1.75183016278993649e-04 1.85640539375621252e-04
VECTOR 32 1 217 -12641 -17697 -7584 -7584 2528 -2528 -12641 2528 -3203 -2646 0 1577 575 0 5064 -6913 0 -4386 443 0 9.00819487985405281e-05 2.12004343979763684e-04
VECTOR 33 1 217 2528 7584 -2528 -17697 17697 -2528 2528 -12641 7908 -2241 0 -7936 -4503 0 -2083 840 0 2412 -3787 0 7.02625369955260209e-05 1.00296188912836603e-04
VECTOR 34 1 217 12641 -12641 -17697 -12641 7584 17697 -12641 17697 -2578 -4584 0 -13345 -5761 0 3223 3781 0 -677 1385 0 4.94586422202470072e-05 1.05327198273610871e-04
VECTOR 35 1 217 -17697 -12641 -12641 -7584 17697 7584 2528 -2528 1114 3111 0 -6016 19 0 1214 -6583 0 1369 2703 0 6.16775714894951982e-05 1.59779416810377204e-04
VECTOR 36 1 217 7584 2528 -7584 2528 2528 7584 -17697 17697 -797 -4560 0 -4779 -2953 0 -444 4830 0 1370 -304 0 7.94670108460909558e-05 1.48655222537528043e-04
VECTOR 37 1 217 -17697 2528 12641 17697 7584 2528 12641 -12641 4116 8911 0 8111 6173 0 -1543 -2790 0 6203 1424 0 4.75275014959032906e-05 1.50941423790482013e-04
VECTOR 38 1 217 17697 -17697 12641 2528 -12641 -2528 -2528 17697 -7938 -5103 0 5469 2192 0 10730 3225 0 -5963 -3557 0 5.05103360192480191e-05 1.02520113040497536e-04
VECTOR 39 1 217 12641 -7584 -12641 -2528 -12641 2528 -7584 -17697 -884 -1451 0 -2948 3370 0 -15 3264 0 -2234 2369 0 1.13381962300756811e-04 2.90210721231447830e-04
VECTOR 40 1 217 7584 -2528 -17697 -17697 -7584 2528 17697 17697 -8238 -460 0 -12554 -6602 0 -1428 -2501 0 -6359 4397 0 6.17019227331445290e-05 1.97150420383459645e-04
VECTOR 41 1 217 -12641 7584 2528 -17697 -12641 17697 -12641 17697 -2584 2080 0 3379 -18811 0 -5134 -6492 0 -2621 5866 0 3.41419404596003638e-05 1.44216887722193595e-04
VECTOR 42 1 217 7584 2528 17697 12641 -12641 -12641 -12641 -2528 -180 -4138 0 12719 4721 0 3242 3552 0 -1486 -4863 0 6.09981989025318362e-05 1.50047949503000064e-04
VECTOR 43 1 217 2528 -2528 -17697 2528 -17697 -2528 17697 -2528 -7658 3701 0 -5021 4210 0 -3402 -2053 0 -4517 6783 0 5.63957493790956808e-05 1.79274495809976021e-04
VECTOR 44 1 217 17697 17697 7584 12641 -17697 2528 -7584 17697 -2558 -2423 0 2977 -3241 0 -3952 8523 0 728 -106 0 8.26457622173596963e-05 1.50678945833160934e-04
VECTOR 45 1 217 12641 -7584 -17697 -17697 17697 7584 2528 17697 -1175 -5116 0 -17855 -4793 0 2809 2909 0 -698 -1361 0 3.77991182008301747e-05 1.09805404096827367e-04
VECTOR 46 1 217 -12641 17697 17697 -7584 -17697 2528 2528 2528 -158 4675 0 11372 -12707 0 -6554 -6019 0 -1778 3128 0 3.59979960138644375e-05 6.91661568469130293e-05
VECTOR 47 1 217 -2528 -12641 7584 -2528 -7584 -7584 -17697 -17697 1010 -3249 0 10309 3253 0 5337 -2442 0 -3442 -2651 0 6.25104709646231857e-05 1.84494517583103546e-04
VECTOR 48 1 217 -12641 7584 -2528 7584 7584 7584 7584 2528 1792 5796 0 -1528 -465 0 -4800 -1806 0 4696 3431 0 9.99399727681611546e-05 1.71137590844771490e-04
VECTOR 49 1 217 12641 -7584 7584 -2528 -17697 -17697 -2528 7584 -6995 -6834 0 6295 2443 0 6361 131 0 -8568 -4000 0 5.73423240952935584e-05 1.15112971267259144e-04
END_BLOCK
BLOCK 12 20260820 4 254 25
BANK 0 2168 4368 3588 -3523 490 -2375 2565 -1280 -3189 1117 278 -4228 2167 367 2088 841 67 695 5061 -4798 3291 -2454 1031 -1210 1313 -2367 2772 337 2330 -1725 -4074 -2527
BANK 1 308 719 -1652 -1028 2964 2505 1062 1900 139 -752 -846 -6260 -2208 2140 199 -542 1766 6834 -3251 -4252 1600 -674 4723 -954 3007 2512 -174 1320 3550 -2085 2030 -268
VECTOR 0 0 0 -11585 -11585 -11585 -11585 -11585 -11585 11585 11585 -2780 -2426 0 -532 4537 0 -9005 -1443 0 -8285 -6548 0 5.71895719657210938e-05 1.48178498895226376e-04
VECTOR 1 0 0 -11585 11585 -11585 -11585 -11585 -11585 11585 -11585 -10767 -2987 0 -923 -2925 0 -11699 -2806 0 -8511 1070 0 4.37047762133602842e-05 9.11673142684010058e-05
VECTOR 2 0 0 11585 11585 -11585 11585 11585 11585 -11585 -11585 -2295 7408 0 139 1442 0 1848 8228 0 4365 6072 0 6.50064417332736107e-05 1.01085798202556255e-04
VECTOR 3 0 0 11585 11585 11585 -11585 -11585 -11585 -11585 -11585 -6254 18 0 -7992 -8514 0 -5905 -6898 0 3027 1773 0 4.06860734207679020e-05 1.26730810106825211e-04
VECTOR 4 0 0 11585 11585 -11585 11585 11585 -11585 -11585 11585 -3843 10343 0 -531 1330 0 88 5032 0 5499 -2985 0 5.45815827446215920e-05 7.97032110826889178e-05
VECTOR 5 0 0 11585 11585 11585 11585 11585 -11585 11585 -11585 3048 -77 0 4004 -6413 0 6992 -4922 0 84 -320 0 6.59728342784646015e-05 1.81243175403505047e-04
VECTOR 6 0 0 -11585 11585 -11585 -11585 11585 11585 11585 11585 -4905 -2026 0 433 3611 0 -1863 -165 0 797 -3836 0 7.79412763191652532e-05 2.51692158506759721e-04
VECTOR 7 0 0 -11585 -11585 11585 11585 11585 11585 11585 -11585 9518 -8627 0 9575 -418 0 11351 -1346 0 -2681 4465 0 3.74815044223509236e-05 7.39929424736440554e-05
VECTOR 8 0 0 11585 11585 -11585 -11585 -11585 -11585 -11585 -11585 -11328 5000 0 -8385 -2535 0 -13062 -112 0 -893 1296 0 3.55564214389920245e-05 6.75633892031352051e-05
VECTOR 9 0 0 -11585 11585 11585 -11585 11585 -11585 -11585 -11585 -8627 -9518 0 -418 -9575 0 -1346 -11351 0 4465 2681 0 3.74815044223509236e-05 7.39929424736440554e-05
VECTOR 10 0 0 -11585 -11585 11585 -11585 -11585 -11585 11585 -11585 484 -11036 0 1050 -4395 0 -3559 -9686 0 -7939 -310 0 5.99920520456666089e-05 6.91514844297173848e-05
VECTOR 11 0 0 -11585 11585 -11585 11585 11585 -11585 11585 -11585 -5092 -1272 0 8121 -2013 0 -260 880 0 -5693 2550 0 7.11108038591640228e-05 1.40533747488734325e-04
VECTOR 12 0 0 11585 -11585 11585 -11585 11585 -11585 11585 -11585 4243 -8217 0 -395 -2296 0 1190 -12174 0 -2787 -6097 0 3.48470842547206458e-05 6.32766699666299120e-05
VECTOR 13 0 0 11585 11585 -11585 -11585 -11585 11585 -11585 -11585 -7970 5693 0 -8904 530 0 -9592 4542 0 1546 4591 0 5.34439094323245148e-05 8.94592553131564385e-05
VECTOR 14 0 0 11585 -11585 11585 11585 11585 11585 -11585 11585 10767 2987 0 923 2925 0 11699 2806 0 8511 -1070 0 4.37047762133602842e-05 9.11673142684010058e-05
VECTOR 15 0 0 11585 11585 -11585 11585 11585 11585 -11585 11585 -484 11036 0 -1050 4395 0 3559 9686 0 7939 310 0 5.99920520456666089e-05 6.91514844297173848e-05
VECTOR 16 0 0 -11585 -11585 -11585 -11585 11585 -11585 11585 -11585 -3897 -9412 0 3721 2104 0 -6062 -6372 0 -8564 -3226 0 5.76229928552203255e-05 1.05960981435715881e-04
VECTOR 17 0 0 -11585 11585 11585 11585 -11585 11585 11585 -11585 2648 -2203 0 4931 -5447 0 5714 2220 0 -2628 8762 0 6.84328805275125686e-05 1.43480183108715258e-04
VECTOR 18 0 0 11585 11585 -11585 -11585 11585 11585 11585 11585 -1839 4151 0 -4076 5191 0 -1768 818 0 2654 -7183 0 7.68247163359752461e-05 1.60638605564112692e-04
VECTOR 19 0 0 -11585 -11585 -11585 -11585 -11585 -11585 -11585 -11585 -8217 -4243 0 -2296 395 0 -12174 -1190 0 -6097 2787 0 3.48470842547206458e-05 6.32766699666299120e-05
VECTOR 20 0 0 -11585 11585 -11585 -11585 11585 11585 11585 -11585 -6715 -5653 0 1623 658 0 -3574 -1623 0 -2777 1925 0 7.81469694447217852e-05 1.58017622216470718e-04
VECTOR 21 0 0 11585 11585 11585 11585 11585 -11585 11585 11585 4858 3550 0 2815 -3460 0 8704 -3464 0 3658 -6082 0 5.66214754518974152e-05 1.13036809602909080e-04
VECTOR 22 0 0 11585 -11585 11585 -11585 -11585 11585 -11585 11585 5092 1272 0 -8121 2013 0 260 -880 0 5693 -2550 0 7.11108038591640228e-05 1.40533747488734325e-04
VECTOR 23 0 0 11585 -11585 11585 11585 11585 -11585 -11585 11585 7408 2295 0 1442 -139 0 8228 -1848 0 6072 -4365 0 6.50064417332736107e-05 1.01085798202556255e-04
VECTOR 24 0 0 11585 -11585 11585 11585 11585 -11585 -11585 11585 7408 2295 0 1442 -139 0 8228 -1848 0 6072 -4365 0 6.50064417332736107e-05 1.01085798202556255e-04
VECTOR 25 1 254 11585 -11585 11585 -11585 -11585 -11585 -11585 11585 -3588 -3728 0 -2141 -3886 0 -3497 6235 0 -518 1295 0 7.40579487619093539e-05 1.54296858223805934e-04
VECTOR 26 1 254 11585 -11585 11585 -11585 11585 -11585 -11585 -11585 3291 -1687 0 -6030 -1141 0 -2584 -1397 0 4124 -4524 0 5.58574309605498976e-05 2.34637692860198302e-04
VECTOR 27 1 254 11585 11585 11585 -11585 11585 -11585 -11585 11585 -413 250 0 -4200 -663 0 -10899 7779 0 950 2599 0 5.23580164227924498e-05 1.41769174992190068e-04
VECTOR 28 1 254 -11585 -11585 11585 11585 -11585 11585 11585 -11585 -1923 -1704 0 3004 -8190 0 6302 -13793 0 -1196 -733 0 5.92785016375516446e-05 1.19695223724148635e-04
VECTOR 29 1 254 -11585 -11585 -11585 -11585 -11585 -11585 11585 -11585 2502 -2106 0 -1626 4982 0 3933 -5445 0 -2032 -7374 0 7.04306973534909130e-05 1.78540767954887082e-04
VECTOR 30 1 254 11585 -11585 -11585 11585 11585 11585 11585 11585 2353 5811 0 2041 2908 0 17008 7611 0 8701 875 0 4.36492152269765828e-05 7.30332787420213709e-05
VECTOR 31 1 254 11585 -11585 11585 -11585 11585 11585 11585 11585 -1437 6693 0 -8009 -4749 0 6398 6196 0 10322 2988 0 4.64658453340566972e-05 1.16008461020068791e-04
VECTOR 32 1 254 11585 -11585 11585 11585 11585 11585 11585 -11585 2704 2855 0 78 -6227 0 11062 -5081 0 8076 -129 0 4.66244874205094508e-05 1.37797201390327560e-04
VECTOR 33 1 254 11585 -11585 -11585 -11585 -11585 11585 -11585 -11585 -2107 416 0 -4738 1563 0 704 7832 0 2298 1578 0 7.74725827615241564e-05 1.65932656496569925e-04
VECTOR 34 1 254 11585 11585 -11585 -11585 -11585 11585 11585 -11585 -1622 3538 0 -3393 993 0 -2281 8980 0 1616 5452 0 6.24613960061363408e-05 1.05894966375420386e-04
VECTOR 35 1 254 -11585 11585 11585 11585 -11585 -11585 -11585 -11585 -899 -8147 0 6812 -4104 0 -10995 -12209 0 -10568 -1121 0 3.55939715474017294e-05 7.78149685122627366e-05
VECTOR 36 1 254 11585 11585 11585 11585 11585 -11585 11585 11585 2543 601 0 4934 -2626 0 1793 1833 0 1954 1974 0 8.75302575865114711e-05 2.25684961010639369e-04
VECTOR 37 1 254 11585 -11585 11585 11585 -11585 11585 11585 -11585 -1488 -687 0 3200 -9253 0 8799 -4128 0 3056 2820 0 3.60164512384202480e-05 1.17306262159020436e-04
VECTOR 38 1 254 -11585 11585 11585 11585 -11585 -11585 11585 11585 -2085 -3958 0 7860 -4589 0 -2967 -6879 0 -7318 1370 0 6.05322135370309826e-05 1.40066833672754958e-04
VECTOR 39 1 254 -11585 11585 11585 -11585 11585 -11585 -11585 11585 -849 -766 0 -4397 400 0 -13397 -1885 0 -3302 -953 0 6.27885632393140034e-05 1.47901787061171126e-04
VECTOR 40 1 254 11585 -11585 11585 11585 -11585 11585 -11585 11585 -5677 -1872 0 3685 -8205 0 3469 3900 0 564 6070 0 6.54266825162202510e-05 1.18162278989557244e-04
VECTOR 41 1 254 -11585 -11585 11585 11585 11585 -11585 11585 -11585 5811 -2353 0 2908 -2041 0 7611 -17008 0 875 -8701 0 4.36492152269765828e-05 7.30332787420213709e-05
VECTOR 42 1 254 11585 -11585 11585 -11585 -11585 11585 -11585 -11585 -4443 -1038 0 -5934 -7290 0 -3893 1819 0 2052 3445 0 4.93883486580010321e-05 1.37585437151571227e-04
VECTOR 43 1 254 -11585 11585 11585 11585 -11585 11585 -11585 11585 -7129 -2454 0 4552 -6945 0 -8693 -3267 0 -7241 6770 0 4.08078130390353183e-05 1.08776135370516802e-04
VECTOR 44 1 254 -11585 11585 11585 -11585 11585 11585 -11585 -11585 -1704 1923 0 -8190 -3004 0 -13793 -6302 0 -733 1196 0 5.92785016375516446e-05 1.19695223724148635e-04
VECTOR 45 1 254 -11585 11585 -11585 11585 -11585 -11585 -11585 -11585 1437 -6693 0 8009 4749 0 -6398 -6196 0 -10322 -2988 0 4.64658453340566972e-05 1.16008461020068791e-04
VECTOR 46 1 254 11585 -11585 -11585 11585 11585 -11585 11585 11585 5896 1619 0 5067 6030 0 16055 5348 0 5753 -4145 0 3.03261833049469022e-05 7.29925800322813693e-05
VECTOR 47 1 254 11585 11585 -11585 11585 -11585 11585 -11585 11585 -4357 17 0 5945 844 0 -1598 12411 0 -2742 8455 0 3.36953001304496696e-05 1.38234862614679304e-04
VECTOR 48 1 254 11585 11585 11585 11585 -11585 11585 11585 11585 -5191 1250 0 5030 -8775 0 484 5049 0 -117 9943 0 5.30399324364846033e-05 1.78225284327088683e-04
VECTOR 49 1 254 -11585 -11585 -11585 -11585 -11585 11585 11585 11585 -3728 3588 0 -3886 2141 0 6235 3497 0 1295 518 0 7.40579487619093539e-05 1.54296858223805934e-04
END_BLOCK
BLOCK 13 20260821 16 36 25
BANK 0 5666 -684 -1334 1987 5007 1304 -375 -2594 1816 2537 -3656 1121 -4696 -1025 -43 -2174 2954 -2120 2583 -2587 3608 1125 -2755 -4712 -1299 -2125 -1327 81 -74 1803 3062 -1425
BANK 1 -11 3886 1030 -600 -4314 1384 3062 -714 4076 -1665 -437 2185 3772 -1497 944 -5007 129 -1269 2222 733 1424 -4916 4099 -602 -2105 406 -1103 -4563 1717 -3491 -1337 -3112
VECTOR 0 0 0 15543 15543 5181 -5181 15543 -5181 15543 5181 11857 2851 0 -5618 4077 0 7467 -6259 0 4245 -1453 0 4.22870944080246144e-05 7.07034074778388689e-05
VECTOR 1 0 0 -15543 5181 -5181 -5181 -5181 5181 -5181 -15543 -8447 4581 0 -1254 -1463 0 -8862 7835 0 -517 -1049 0 6.62336914994192361e-05 1.26490329581449768e-04
VECTOR 2 0 0 -15543 5181 15543 5181 15543 15543 5181 -5181 -4479 9189 0 -10531 -8026 0 1131 5179 0 -643 1484 0 4.66765128847971512e-05 8.32047206633868610e-05
VECTOR 3 0 0 15543 5181 -15543 15543 5181 15543 15543 5181 5783 575 0 3459 -8406 0 2427 2265 0 2243 -3646 0 6.27085695833947283e-05 2.22367110010568343e-04
VECTOR 4 0 0 -15543 -15543 15543 5181 15543 -5181 15543 5181 -2291 -6189 0 -7271 -5786 0 1110 -7844 0 1787 4256 0 5.13040212532981551e-05 1.66144187677914510e-04
VECTOR 5 0 0 5181 -5181 -5181 5181 -5181 -5181 15543 -15543 -2619 -7159 0 1236 -1495 0 -7604 -3323 0 1458 -5510 0 4.02842055147666791e-05 1.28145414876912990e-04
VECTOR 6 0 0 -15543 5181 5181 5181 5181 -15543 5181 5181 -2687 -2629 0 -5819 796 0 2330 -2484 0 4565 2369 0 6.89313893680069880e-05 2.26595486557235184e-04
VECTOR 7 0 0 -5181 15543 -5181 -15543 5181 -15543 5181 -15543 1405 1426 0 -5295 7519 0 -5327 -103 0 4227 -2042 0 6.91141296906351598e-05 1.78385446468338002e-04
VECTOR 8 0 0 5181 15543 -5181 15543 15543 5181 15543 15543 7420 3269 0 -3849 -5858 0 9506 525 0 5564 51 0 4.18680901644201124e-05 1.57234694006039343e-04
VECTOR 9 0 0 -5181 15543 5181 5181 -15543 15543 15543 15543 -6075 6494 0 2957 -5467 0 78 -1257 0 4598 -1182 0 5.93293848325031112e-05 1.40369827032734909e-04
VECTOR 10 0 0 15543 15543 15543 -5181 -15543 15543 5181 -5181 -1539 9844 0 928 2193 0 -405 -743 0 -1572 -5951 0 7.21090507987544549e-05 1.98657360980619290e-04
VECTOR 11 0 0 -5181 15543 15543 15543 -5181 15543 -15543 -5181 -7578 13128 0 -5702 -3539 0 4897 11877 0 -3952 -1999 0 3.29892779453081389e-05 9.65495871525181475e-05
VECTOR 12 0 0 -15543 -15543 -15543 15543 -5181 -5181 -5181 5181 -6876 -9171 0 4951 -6178 0 -3234 3236 0 474 2785 0 6.12532196583185165e-05 9.87875885316987320e-05
VECTOR 13 0 0 5181 -5181 5181 -5181 15543 -5181 -5181 5181 7883 -602 0 -3503 2925 0 6402 -2694 0 -1494 3337 0 6.32010932036782214e-05 1.27596837782724382e-04
VECTOR 14 0 0 -15543 -15543 -5181 -5181 -15543 5181 5181 -15543 -12716 -5051 0 4898 -4487 0 -15568 407 0 -1222 -1447 0 3.13786891080344597e-05 7.57444682102056987e-05
VECTOR 15 0 0 5181 5181 5181 -15543 15543 5181 -15543 -5181 7344 8869 0 -5098 4818 0 4158 4545 0 -4077 2272 0 4.77745861972010168e-05 8.36312546200723808e-05
VECTOR 16 0 0 5181 5181 -15543 -15543 15543 5181 -5181 -5181 8794 4715 0 -501 2025 0 -852 4837 0 -462 1269 0 6.22558414796654406e-05 1.71694491207333041e-04
VECTOR 17 0 0 -15543 5181 -5181 -15543 -15543 5181 -15543 -15543 -10119 6241 0 2452 2872 0 -11038 8470 0 -2356 -448 0 4.24629998860157960e-05 1.53192555537260609e-04
VECTOR 18 0 0 5181 15543 15543 -5181 5181 15543 5181 5181 2851 11689 0 -4785 -736 0 5270 278 0 57 -390 0 5.38314921135711730e-05 1.01624312038741120e-04
VECTOR 19 0 0 5181 5181 15543 -5181 15543 -5181 -15543 -15543 4428 6353 0 -10143 6212 0 5159 4003 0 -4729 -405 0 4.97898427248864159e-05 7.12031210476738537e-05
VECTOR 20 0 0 15543 -5181 -15543 -15543 5181 15543 -15543 5181 9832 4445 0 7272 1507 0 1405 4436 0 -4757 2397 0 6.17363286155139573e-05 1.57388440538815257e-04
VECTOR 21 0 0 -15543 -5181 15543 5181 5181 5181 -5181 -5181 -7016 3255 0 -6578 -4182 0 -38 3298 0 -2737 2113 0 5.52852886576343723e-05 1.29688187020403757e-04
VECTOR 22 0 0 15543 -5181 -5181 -15543 15543 -5181 15543 -15543 9811 -4255 0 -2138 3437 0 -4444 -6508 0 645 -2895 0 5.61433838952927599e-05 1.33937824086617456e-04
VECTOR 23 0 0 -5181 15543 15543 -5181 -5181 15543 5181 -5181 -5539 11534 0 -4339 -1665 0 -1860 2650 0 24 -2123 0 4.95303113769562169e-05 1.11807913567699648e-04
VECTOR 24 0 0 -5181 -15543 5181 -5181 -5181 -15543 -15543 -5181 -3045 -6692 0 897 5841 0 -1897 -2204 0 -3621 2233 0 6.67304936225204424e-05 1.45077668093461325e-04
VECTOR 25 1 36 -15543 5181 5181 -5181 15543 15543 5181 -15543 -6197 -10116 0 -2240 3377 0 7953 -6618 0 1642 -3544 0 4.99072925594776221e-05 8.51086674613340047e-05
VECTOR 26 1 36 -15543 -15543 -5181 5181 -5181 -5181 5181 15543 7008 445 0 -2617 -4524 0 -2398 6355 0 5056 1014 0 7.80656712017333725e-05 1.00754328619893007e-04
VECTOR 27 1 36 15543 5181 -5181 5181 15543 5181 5181 -5181 -5163 2953 0 6607 -3229 0 3601 -6392 0 992 -2517 0 7.60813284546806278e-05 1.64054202829806809e-04
VECTOR 28 1 36 -5181 -5181 -15543 -5181 5181 -15543 5181 -15543 305 418 0 -5389 -9228 0 -5806 -8022 0 -5746 2766 0 5.44467508889773599e-05 1.39243718918811277e-04
VECTOR 29 1 36 -15543 -15543 15543 5181 5181 -15543 -5181 5181 4070 1805 0 -5494 -2523 0 -4769 1061 0 1417 -5237 0 9.07627639554801170e-05 2.23514960883619947e-04
VECTOR 30 1 36 5181 -15543 15543 -15543 15543 5181 15543 -15543 1788 -3940 0 1565 -7779 0 7863 -10609 0 -7143 -5610 0 4.59339828076350885e-05 1.45717225279489007e-04
VECTOR 31 1 36 -5181 5181 -5181 5181 15543 -5181 -5181 -15543 -6662 -719 0 -3259 -939 0 -2645 -7899 0 324 -1302 0 6.28868836680075629e-05 1.25628646409069471e-04
VECTOR 32 1 36 5181 -15543 15543 5181 15543 15543 15543 -5181 2123 -3429 0 2915 -5349 0 10426 -4306 0 2804 -6765 0 5.97548580614130239e-05 1.30871830601077488e-04
VECTOR 33 1 36 5181 -15543 -15543 -5181 5181 -15543 5181 15543 4111 8692 0 5636 -11067 0 -5385 -1129 0 -916 1818 0 5.32960532600913845e-05 9.80842577424222584e-05
VECTOR 34 1 36 5181 5181 15543 15543 -5181 -15543 -5181 15543 2700 8419 0 1167 1795 0 -3984 6725 0 2009 -6722 0 7.52429045877468805e-05 1.65186326332618778e-04
VECTOR 35 1 36 -15543 5181 -5181 15543 5181 -15543 5181 5181 168 2750 0 -3620 -3574 0 -3846 1321 0 4339 -4794 0 9.00324380412028058e-05 2.08212416527019762e-04
VECTOR 36 1 36 -15543 -15543 -15543 15543 15543 5181 5181 -15543 -950 -5312 0 -7504 -7481 0 -499 -5798 0 7115 2410 0 4.80816218693670797e-05 2.02350303752917498e-04
VECTOR 37 1 36 -15543 -5181 -5181 5181 -15543 -5181 5181 -5181 6376 -4310 0 -10283 -2193 0 -3258 4361 0 -223 3582 0 5.56309942366234650e-05 1.05432432544374317e-04
VECTOR 38 1 36 15543 -15543 15543 -5181 -15543 15543 -5181 15543 6952 527 0 4857 4242 0 3846 8760 0 957 3059 0 4.22881596191341459e-05 1.64482236433616556e-04
VECTOR 39 1 36 5181 15543 -15543 15543 15543 -15543 -5181 -5181 -8072 7428 0 1487 -2861 0 -6358 -5987 0 2080 -2120 0 4.85688507023875415e-05 1.14761179128762504e-04
VECTOR 40 1 36 -5181 5181 -15543 5181 5181 15543 -15543 15543 -6917 -410 0 5429 8355 0 -183 4705 0 11102 5395 0 4.29517210798223401e-05 9.08257764550027497e-05
VECTOR 41 1 36 15543 -5181 15543 15543 5181 -5181 -15543 15543 -389 9482 0 5427 2769 0 -3288 4014 0 5073 -4287 0 6.36475438442192200e-05 1.47025571839936686e-04
VECTOR 42 1 36 5181 5181 5181 5181 5181 -15543 -15543 -5181 -3899 5601 0 -1720 1715 0 -7379 -3057 0 -2184 -1687 0 8.16543625273291211e-05 1.66262030605487954e-04
VECTOR 43 1 36 15543 -5181 -15543 -5181 -5181 15543 -15543 15543 -2125 2985 0 8528 4894 0 -1259 4722 0 4724 10145 0 5.94765445078745508e-05 1.37729315648498234e-04
VECTOR 44 1 36 15543 15543 15543 -15543 5181 -15543 5181 15543 -1695 9339 0 11926 35 0 1783 -1701 0 -7997 -9879 0 4.64383016777164973e-05 1.45612026597190204e-04
VECTOR 45 1 36 -15543 -15543 15543 5181 -15543 -15543 -5181 -5181 9075 -1882 0 -13432 -1226 0 -6951 4686 0 -2723 24 0 4.44667623625650350e-05 1.52001474224554371e-04
VECTOR 46 1 36 -5181 -5181 15543 5181 5181 -5181 5181 5181 2667 1075 0 -320 -1779 0 1816 859 0 1191 -7194 0 1.12411143473476404e-04 1.57487313768419251e-04
VECTOR 47 1 36 -5181 -15543 15543 5181 -5181 -5181 -5181 -5181 5465 -1278 0 -7522 -840 0 -2860 1675 0 -761 -841 0 5.99710824680255917e-05 1.52816759387187608e-04
VECTOR 48 1 36 5181 -5181 5181 5181 5181 -15543 -15543 5181 -989 7544 0 394 -266 0 -7801 -546 0 40 -1201 0 7.30399845732741229e-05 1.63773359151339181e-04
VECTOR 49 1 36 15543 5181 -15543 5181 -5181 -15543 5181 -15543 941 5102 0 -2948 -8086 0 -6205 -5031 0 -6866 3459 0 5.84970643922986009e-05 8.13349012862727913e-05
END_BLOCK
BLOCK 14 20260822 64 73 25
BANK 0 1554 2361 -673 676 -141 1111 4227 -968 311 712 4147 -3224 -1867 2250 2605 2423 3556 -929 746 -3394 2329 1913 5749 4500 -820 5093 1573 2476 -1513 782 -3604 51
BANK 1 -3758 2107 388 484 776 -1474 -4236 216 1099 945 377 -970 -2126 -138 -2175 -1520 -6861 2574 -1115 -5702 -1065 -2461 -2027 886 2395 -819 -6318 517 3731 -27 1522 764
VECTOR 0 0 0 -7584 -17697 -12641 -2528 17697 -2528 17697 7584 7487 -1056 0 -3049 7723 0 3189 8321 0 -381 -4160 0 5.50462326790113811e-05 1.56428297531356039e-04
VECTOR 1 0 0 -17697 12641 12641 2528 17697 2528 2528 12641 -3048 3357 0 -1020 2149 0 -2389 8799 0 -4563 -6142 0 7.83859841398814477e-05 1.39341521949668104e-04
VECTOR 2 0 0 -12641 7584 -2528 7584 7584 17697 -17697 2528 -8183 542 0 -6199 -1179 0 -8750 2659 0 -774 -5846 0 5.95825049399670290e-05 6.51748924474310968e-05
VECTOR 3 0 0 -7584 17697 -2528 -12641 -2528 2528 -7584 -12641 -5497 -2006 0 -3436 -6463 0 -3220 -2235 0 -1634 -2436 0 8.00776555073892400e-05 1.45271869798930701e-04
VECTOR 4 0 0 2528 17697 -7584 7584 2528 -2528 17697 2528 2553 1218 0 1351 7512 0 8948 11297 0 -11515 -665 0 4.06487135200757341e-05 5.56905189603704219e-05
VECTOR 5 0 0 -12641 2528 17697 7584 7584 -7584 -17697 -12641 -7467 -2799 0 4855 -4785 0 -998 -11544 0 3994 3134 0 6.01978726649610453e-05 9.43965139188167996e-05
VECTOR 6 0 0 2528 2528 17697 7584 12641 7584 -17697 7584 -5905 4817 0 -508 -1945 0 -4312 -2561 0 1980 2242 0 1.13671568912061723e-04 2.22174193010138963e-04
VECTOR 7 0 0 2528 2528 7584 17697 17697 -17697 -12641 -12641 -4127 -972 0 5613 3712 0 8322 -8717 0 -828 8725 0 5.15310401274022675e-05 1.57387868457195985e-04
VECTOR 8 0 0 -17697 -17697 17697 12641 -7584 -17697 12641 -2528 4000 -5779 0 13078 1055 0 4698 -6744 0 4948 1140 0 3.91389395797165783e-05 1.12784150696238186e-04
VECTOR 9 0 0 -17697 -2528 7584 17697 -17697 12641 12641 12641 947 -1998 0 5597 2178 0 -3001 7328 0 -2064 -7283 0 6.36386007862224911e-05 1.60640821290752183e-04
VECTOR 10 0 0 -2528 -17697 -12641 -2528 12641 -17697 -2528 -17697 2327 -5867 0 229 1967 0 5185 -9138 0 5085 4069 0 7.11840465120076800e-05 1.93161609667466945e-04
VECTOR 11 0 0 17697 7584 7584 -7584 -12641 7584 12641 -17697 2397 -2341 0 5460 -6043 0 9659 -4409 0 -3289 8168 0 5.01298047586603329e-05 1.37164499939545738e-04
VECTOR 12 0 0 -7584 -12641 17697 7584 17697 -7584 -7584 7584 -1084 1797 0 3075 1246 0 -1329 -4068 0 5234 1531 0 1.02897082794691975e-04 1.71903186633714800e-04
VECTOR 13 0 0 -7584 7584 -2528 -17697 7584 17697 -17697 -17697 -7855 -2909 0 -8087 -10574 0 -7334 -5875 0 2857 -2253 0 4.45671920177145088e-05 1.15985666167723735e-04
VECTOR 14 0 0 17697 17697 2528 -17697 -2528 7584 -12641 -12641 -4746 2309 0 -4169 -8963 0 -915 -5617 0 -778 5219 0 6.59293748400402717e-05 2.06466821833857462e-04
VECTOR 15 0 0 17697 2528 12641 7584 2528 2528 -2528 -7584 -811 1342 0 5002 -1271 0 7391 -5429 0 -1378 9561 0 6.83807777299220548e-05 1.15298010950324340e-04
VECTOR 16 0 0 2528 17697 -12641 -7584 2528 -17697 -2528 2528 -803 2958 0 -4047 3406 0 250 3943 0 -4536 -1547 0 9.85085494646180778e-05 2.21706737818942723e-04
VECTOR 17 0 0 -17697 17697 -2528 17697 2528 -17697 -7584 -17697 -6679 -5497 0 5291 2972 0 5338 -4339 0 -5198 554 0 4.96632255845534535e-05 2.05737571962058389e-04
VECTOR 18 0 0 -17697 17697 -12641 17697 -2528 -12641 2528 -12641 -3655 -5593 0 3473 5991 0 5729 2435 0 -8183 -2763 0 7.22099294915259557e-05 2.08879615712976972e-04
VECTOR 19 0 0 17697 2528 2528 12641 7584 2528 -12641 12641 -2062 6876 0 -1737 4413 0 -407 1806 0 -1419 4279 0 7.73907497299304033e-05 9.54621847983046581e-05
VECTOR 20 0 0 12641 -7584 -12641 12641 2528 -17697 -12641 -17697 -839 -3434 0 2607 3773 0 7207 -11071 0 2048 9221 0 3.54843614229377488e-05 6.69813021504920192e-05
VECTOR 21 0 0 12641 -17697 17697 -2528 17697 -12641 -12641 -17697 -475 -1533 0 5318 -4721 0 6439 -17751 0 8754 13112 0 3.54486176974404553e-05 6.62737543360237332e-05
VECTOR 22 0 0 -12641 -17697 7584 -17697 17697 17697 17697 12641 5730 803 0 -4536 -1816 0 -3881 8377 0 3125 -7112 0 4.58766889930982576e-05 1.92377560119765299e-04
VECTOR 23 0 0 -2528 17697 -12641 2528 7584 -7584 -7584 -2528 -4032 1064 0 -4174 3736 0 400 3555 0 -5633 -1744 0 9.63098073752261528e-05 1.92514342583725433e-04
VECTOR 24 0 0 -12641 7584 17697 -12641 2528 7584 -7584 2528 -4841 1354 0 -1487 -8324 0 -8008 -1701 0 2950 -4008 0 7.14554554602955089e-05 7.48712333923786066e-05
VECTOR 25 1 73 2528 7584 17697 7584 17697 -17697 12641 7584 -5482 -4937 0 -2832 -251 0 -6598 -11216 0 -1494 -4149 0 6.24201050062351816e-05 1.01838961488038733e-04
VECTOR 26 1 73 -17697 12641 12641 7584 -2528 17697 -2528 17697 4402 -8165 0 1278 -5137 0 9382 -16086 0 -8676 5767 0 4.19117997781770136e-05 1.00708025170361616e-04
VECTOR 27 1 73 12641 2528 -12641 12641 -7584 12641 -7584 -17697 -925 6728 0 1615 3414 0 3856 6563 0 4864 -4642 0 6.46975877886046889e-05 1.42334116266262063e-04
VECTOR 28 1 73 2528 2528 -12641 -7584 2528 2528 -17697 2528 3909 -1802 0 1561 1846 0 -967 2440 0 4428 2750 0 6.97419300647121306e-05 1.47224978317672450e-04
VECTOR 29 1 73 -17697 7584 -7584 -12641 12641 2528 -12641 17697 7139 -10298 0 -847 -1965 0 2501 -7393 0 1999 8238 0 4.70835904813721954e-05 1.19652344746210080e-04
VECTOR 30 1 73 12641 -7584 2528 -17697 12641 2528 12641 -17697 -3550 6745 0 -4643 406 0 -11482 6296 0 5935 4664 0 4.74493141368781033e-05 8.28321902781435518e-05
VECTOR 31 1 73 7584 -7584 -12641 17697 -7584 -17697 -12641 -17697 -36 7013 0 2574 6967 0 5390 11358 0 2940 -14962 0 4.48504218116920061e-05 1.20798233241803534e-04
VECTOR 32 1 73 -17697 -2528 -12641 -17697 -7584 2528 -12641 7584 7644 -3814 0 1007 -947 0 4536 3235 0 -531 7644 0 4.21159494521650135e-05 1.39876078697963362e-04
VECTOR 33 1 73 2528 -2528 2528 -17697 2528 -17697 -2528 7584 -591 -2499 0 -112 922 0 -9912 1476 0 -215 2961 0 5.96937860210061691e-05 1.56458168506962912e-04
VECTOR 34 1 73 -7584 7584 12641 2528 -7584 -2528 -2528 -2528 1089 -1099 0 558 343 0 2567 -7459 0 -7532 -4 0 5.64674579163300781e-05 1.05326683952245060e-04
VECTOR 35 1 73 -2528 2528 -12641 -2528 7584 -7584 17697 7584 -4968 -4107 0 -3450 -1014 0 -3590 2488 0 7716 862 0 7.08813467218114598e-05 1.56290205940628140e-04
VECTOR 36 1 73 7584 7584 12641 7584 -12641 12641 2528 -7584 -2655 3519 0 1519 -389 0 230 -4748 0 -5896 517 0 1.03129553388686297e-04 1.52575685335891426e-04
VECTOR 37 1 73 7584 2528 -17697 -7584 7584 -12641 17697 -7584 -7513 606 0 -4637 2422 0 -9179 8386 0 12002 -414 0 3.94400746534609933e-05 1.11110495877838993e-04
VECTOR 38 1 73 12641 -2528 -2528 -7584 -17697 -12641 7584 17697 -6580 -1531 0 3311 -729 0 -10007 6141 0 -1236 991 0 6.50948781403581830e-05 1.41012485646788420e-04
VECTOR 39 1 73 -2528 17697 2528 17697 2528 -17697 17697 2528 -8240 -5376 0 -2676 1596 0 -883 -8477 0 1054 -7005 0 6.74523140681044538e-05 1.14195973623028120e-04
VECTOR 40 1 73 -12641 -7584 17697 2528 2528 -7584 -17697 7584 8132 -2084 0 2807 -630 0 6636 -6923 0 -10565 -2745 0 5.03305160899510085e-05 8.82398122690226662e-05
VECTOR 41 1 73 -7584 -12641 17697 12641 -17697 17697 -12641 17697 7200 434 0 7141 -5366 0 12772 -4282 0 -14964 -671 0 3.66172694321841426e-05 1.01739224143077725e-04
VECTOR 42 1 73 -7584 -7584 12641 7584 -17697 7584 17697 -17697 -1708 8077 0 -962 -1648 0 7204 2381 0 -8150 -2318 0 6.26252699066452424e-05 1.46643553643878368e-04
VECTOR 43 1 73 -7584 -17697 -2528 17697 17697 -7584 -17697 17697 7931 -3332 0 3132 -940 0 11230 583 0 -29 -10049 0 4.54269435162075479e-05 1.04397319367826899e-04
VECTOR 44 1 73 12641 -7584 -2528 -12641 -7584 -7584 12641 -7584 -5820 5442 0 -983 961 0 -10129 10156 0 2631 1225 0 4.73607492849479104e-05 9.91944244541999228e-05
VECTOR 45 1 73 2528 -17697 12641 -12641 -2528 7584 -12641 -12641 6366 8147 0 1630 -192 0 13 5036 0 -6139 2528 0 5.91445579457767129e-05 1.18331647299421179e-04
VECTOR 46 1 73 2528 12641 17697 -2528 -12641 12641 2528 -7584 -1727 1619 0 406 -874 0 -2311 -8731 0 -8012 5568 0 6.63085880358502811e-05 1.53230439531632656e-04
VECTOR 47 1 73 -12641 2528 2528 -2528 17697 17697 17697 -2528 597 -2058 0 -5816 -4519 0 3300 -6291 0 3204 6647 0 6.25200862652210588e-05 1.59581221056904446e-04
VECTOR 48 1 73 -7584 17697 -2528 -17697 7584 -12641 2528 2528 -1538 -7430 0 -3827 1498 0 -8433 -7012 0 3132 7172 0 6.50116860845899970e-05 1.43092092965602032e-04
VECTOR 49 1 73 -7584 -7584 17697 -2528 -2528 7584 17697 7584 -904 86 0 -1068 -5663 0 987 -4097 0 -7505 4065 0 7.53544247070167989e-05 1.21490682266294869e-04
END_BLOCK
BLOCK 15 20260823 4 110 25
BANK 0 -1905 3170 1404 5333 2629 -2730 -3771 3526 -5056 391 2136 3411 1841 -573 3375 671 -3346 1576 -286 -1610 -1802 -2185 -4983 3031 -926 -190 2258 -757 1684 -1391 2225 -426
BANK 1 -290 -609 -2236 -531 3504 -1145 1329 -2561 2601 -2983 -1995 -4409 -3780 -1281 1635 2241 1342 -2078 255 2003 1883 2626 241 -1656 2014 -876 5966 2279 -6233 -3417 -1572 -2239
VECTOR 0 0 0 11585 -11585 -11585 11585 11585 -11585 -11585 11585 -3767 -8139 0 -9185 3155 0 -1350 -1521 0 -2915 2352 0 6.00112775811784935e-05 1.22179357079623530e-04
VECTOR 1 0 0 -11585 11585 11585 -11585 -11585 -11585 -11585 -11585 5240 -566 0 3602 -6707 0 5307 -217 0 -2198 -4132 0 8.37377669248231149e-05 2.27480903762767624e-04
VECTOR 2 0 0 -11585 11585 11585 11585 -11585 11585 -11585 11585 -3428 -195 0 -1360 3690 0 6387 -10217 0 1442 4590 0 5.45239678824088088e-05 1.24181628108456423e-04
VECTOR 3 0 0 11585 -11585 -11585 -11585 -11585 -11585 -11585 -11585 5043 -931 0 -6016 -3828 0 3208 9020 0 -6970 -2020 0 4.61269695312809205e-05 8.40188883549716911e-05
VECTOR 4 0 0 11585 11585 11585 -11585 11585 -11585 -11585 11585 1277 -5276 0 -1894 -2192 0 -6260 -8125 0 -524 -3221 0 4.84817152299395158e-05 1.25554162040583450e-04
VECTOR 5 0 0 -11585 11585 -11585 11585 11585 11585 -11585 -11585 3291 -6265 0 -829 -6717 0 8530 -3983 0 28 547 0 6.42977592978590960e-05 1.00396362475791535e-04
VECTOR 6 0 0 -11585 11585 -11585 -11585 11585 11585 11585 11585 513 -8597 0 7819 -4016 0 -5080 -6339 0 2706 -103 0 5.47461623049782416e-05 9.19534344646799905e-05
VECTOR 7 0 0 11585 -11585 -11585 11585 -11585 -11585 -11585 -11585 -2499 1055 0 -10840 -807 0 5485 8616 0 -5899 1173 0 4.04604621316502713e-05 7.05952169196059188e-05
VECTOR 8 0 0 -11585 11585 11585 -11585 -11585 -11585 11585 -11585 -93 4421 0 8375 -5759 0 -1740 4069 0 948 -4734 0 5.92603016220862806e-05 9.96446270282399279e-05
VECTOR 9 0 0 11585 -11585 -11585 -11585 -11585 11585 11585 -11585 3571 7774 0 -433 -276 0 -749 10758 0 -1856 -241 0 4.76429103521913510e-05 1.11599022473092655e-04
VECTOR 10 0 0 -11585 11585 11585 11585 -11585 -11585 -11585 11585 -7289 -3913 0 -2171 1086 0 3297 -7668 0 -525 2208 0 6.06789860650354079e-05 1.68163864147231266e-04
VECTOR 11 0 0 -11585 11585 11585 11585 11585 -11585 11585 11585 -8904 -2787 0 5206 1225 0 -6298 -6472 0 5003 -361 0 5.52167548073270145e-05 1.15110448183590379e-04
VECTOR 12 0 0 11585 -11585 11585 11585 11585 -11585 11585 -11585 -2128 9723 0 -443 4155 0 -4515 7535 0 2822 -2467 0 6.12512237811007736e-05 1.13995946620286899e-04
VECTOR 13 0 0 11585 11585 -11585 -11585 11585 11585 -11585 11585 3152 -9100 0 -4104 -4412 0 -2765 -8397 0 -1750 231 0 4.93262634914683784e-05 1.37892644124396914e-04
VECTOR 14 0 0 11585 -11585 11585 -11585 -11585 -11585 -11585 -11585 7028 6611 0 -2995 996 0 2804 6744 0 -3777 -3091 0 8.15326397285382279e-05 1.34500881899701151e-04
VECTOR 15 0 0 11585 -11585 11585 -11585 11585 -11585 11585 11585 427 2404 0 3432 5907 0 -11078 893 0 2354 -2514 0 2.98322639246085862e-05 1.03147037372004709e-04
VECTOR 16 0 0 -11585 11585 -11585 11585 -11585 11585 11585 11585 -10746 -2751 0 392 -185 0 -255 -3654 0 1395 5058 0 6.85342164449516882e-05 1.38708930641023474e-04
VECTOR 17 0 0 -11585 -11585 -11585 -11585 -11585 11585 11585 11585 1278 -2042 0 5768 3944 0 -303 1483 0 56 3174 0 9.69261274811207796e-05 1.81743482013725400e-04
VECTOR 18 0 0 -11585 11585 -11585 11585 11585 -11585 11585 11585 -10889 -10329 0 2185 -3599 0 -5894 -4195 0 1809 709 0 4.23239780476942533e-05 1.07454592869719360e-04
VECTOR 19 0 0 11585 -11585 -11585 11585 -11585 11585 -11585 -11585 1362 4773 0 -10029 1796 0 8575 6068 0 -3932 3555 0 4.80486173718722303e-05 7.68347014045008762e-05
VECTOR 20 0 0 -11585 -11585 -11585 11585 -11585 -11585 -11585 -11585 195 -3428 0 -3690 -1360 0 10217 6387 0 -4590 1442 0 5.45239678824088088e-05 1.24181628108456423e-04
VECTOR 21 0 0 11585 -11585 11585 11585 11585 -11585 11585 -11585 -2128 9723 0 -443 4155 0 -4515 7535 0 2822 -2467 0 6.12512237811007736e-05 1.13995946620286899e-04
VECTOR 22 0 0 11585 -11585 11585 -11585 -11585 11585 11585 11585 570 9983 0 1639 9321 0 -5440 1435 0 1940 1835 0 4.73960326026318012e-05 6.81363704729460757e-05
VECTOR 23 0 0 11585 -11585 -11585 -11585 -11585 11585 -11585 -11585 8904 2787 0 -5206 -1225 0 6298 6472 0 -5003 361 0 5.52167548073270145e-05 1.15110448183590379e-04
VECTOR 24 0 0 -11585 -11585 -11585 -11585 -11585 11585 11585 -11585 6265 3291 0 6717 -829 0 3983 8530 0 -547 28 0 6.42977592978590960e-05 1.00396362475791535e-04
VECTOR 25 1 110 11585 -11585 -11585 11585 11585 11585 -11585 -11585 1858 1108 0 2920 -8561 0 -3984 535 0 -7488 -3565 0 6.54752686800423860e-05 1.69613839150069273e-04
VECTOR 26 1 110 -11585 11585 -11585 11585 11585 11585 11585 11585 8630 -183 0 2603 4817 0 -260 3370 0 -8154 -4868 0 4.71132447880372534e-05 6.96393733938683983e-05
VECTOR 27 1 110 -11585 11585 -11585 -11585 11585 -11585 -11585 11585 4380 1645 0 -7756 9815 0 5945 2688 0 -7540 -1324 0 5.55546643484154901e-05 1.08892467938040706e-04
VECTOR 28 1 110 -11585 11585 11585 -11585 -11585 -11585 -11585 -11585 -7359 634 0 -2063 3079 0 1301 1467 0 6545 8955 0 6.73793648634221832e-05 1.63413586994236667e-04
VECTOR 29 1 110 11585 -11585 11585 -11585 11585 -11585 -11585 -11585 -3675 -1436 0 -7948 -6629 0 2923 344 0 -660 35 0 7.25706660348151140e-05 1.85596416520345236e-04
VECTOR 30 1 110 -11585 11585 11585 11585 -11585 -11585 11585 11585 -1107 -4270 0 3316 5739 0 1151 -174 0 4265 12002 0 5.49346803961938061e-05 1.52020839233756841e-04
VECTOR 31 1 110 11585 -11585 11585 -11585 11585 11585 -11585 11585 1566 5399 0 -9306 -9662 0 1551 3347 0 7338 -11002 0 4.41594590697290100e-05 1.16102254619871622e-04
VECTOR 32 1 110 11585 11585 -11585 -11585 11585 -11585 -11585 11585 3970 784 0 -4078 5597 0 7843 -250 0 -4692 -2563 0 6.83992583870131273e-05 1.10903821088793628e-04
VECTOR 33 1 110 -11585 -11585 11585 11585 -11585 11585 11585 11585 -349 1095 0 909 -3284 0 -5501 591 0 7859 339 0 9.46382282493434413e-05 1.63241568119422089e-04
VECTOR 34 1 110 11585 11585 -11585 11585 11585 11585 11585 -11585 4598 -2924 0 9450 -1713 0 -704 91 0 -8472 -3883 0 6.26814153503971611e-05 1.84488890301019905e-04
VECTOR 35 1 110 11585 -11585 -11585 -11585 11585 11585 -11585 11585 4728 6150 0 -6485 -3427 0 1191 515 0 -1099 -14225 0 4.53767671085906390e-05 1.05018472031563701e-04
VECTOR 36 1 110 11585 11585 11585 11585 -11585 -11585 -11585 11585 -3396 -1510 0 4682 -1648 0 2708 -771 0 9336 13930 0 4.63631898558127962e-05 1.02338032619121402e-04
VECTOR 37 1 110 11585 -11585 11585 11585 11585 -11585 11585 -11585 -1044 -8220 0 599 -6281 0 431 -1638 0 -6106 5306 0 5.87849770325751770e-05 1.66234700397428065e-04
VECTOR 38 1 110 -11585 -11585 -11585 -11585 -11585 11585 11585 -11585 -1559 3129 0 664 3460 0 -5371 -2943 0 -522 -9097 0 4.65706051033407687e-05 1.49818597512776827e-04
VECTOR 39 1 110 11585 11585 11585 11585 11585 11585 -11585 11585 3178 1826 0 1148 -8805 0 1657 5606 0 5354 283 0 7.59427091396388550e-05 1.17489336670257617e-04
VECTOR 40 1 110 11585 -11585 11585 -11585 11585 -11585 -11585 11585 -53 443 0 -11118 -4317 0 5265 684 0 2506 -2188 0 5.74242401857255611e-05 1.03179003536463070e-04
VECTOR 41 1 110 11585 -11585 11585 11585 -11585 11585 -11585 11585 -2638 3856 0 2275 -10672 0 -3944 -6 0 12930 2267 0 3.20706949109316505e-05 1.01129578065396928e-04
VECTOR 42 1 110 11585 -11585 -11585 -11585 11585 -11585 -11585 -11585 -513 -685 0 -5127 -394 0 2563 -2489 0 -9097 -3188 0 7.90451588560404906e-05 1.55323466904604081e-04
VECTOR 43 1 110 11585 11585 -11585 -11585 11585 -11585 11585 11585 5850 -2838 0 -1766 8766 0 8184 -2592 0 -6915 -5729 0 4.77580350938355719e-05 8.98598468992367828e-05
VECTOR 44 1 110 -11585 11585 11585 -11585 -11585 11585 11585 11585 -238 3847 0 -1108 3215 0 270 2128 0 12320 -5249 0 5.64167459222932217e-05 1.60841070763514135e-04
VECTOR 45 1 110 11585 11585 11585 -11585 -11585 -11585 -11585 11585 -4147 1652 0 -1553 1173 0 5541 -1131 0 12559 5493 0 5.99676482912889008e-05 1.51988483559403872e-04
VECTOR 46 1 110 11585 -11585 11585 11585 11585 -11585 11585 -11585 -1044 -8220 0 599 -6281 0 431 -1638 0 -6106 5306 0 5.87849770325751770e-05 1.66234700397428065e-04
VECTOR 47 1 110 11585 11585 -11585 -11585 11585 -11585 11585 11585 5850 -2838 0 -1766 8766 0 8184 -2592 0 -6915 -5729 0 4.77580350938355719e-05 8.98598468992367828e-05
VECTOR 48 1 110 -11585 -11585 -11585 11585 11585 -11585 11585 -11585 2528 -6608 0 -258 4173 0 -1827 -1532 0 -17392 3322 0 4.01122674699734070e-05 9.60965034724880210e-05
VECTOR 49 1 110 -11585 11585 -11585 -11585 11585 -11585 11585 11585 6260 -1976 0 -5444 12984 0 6286 346 0 -9764 -4490 0 4.16920806241394718e-05 8.92358647760223251e-05
END_BLOCK
BLOCK 16 20260824 16 147 25
BANK 0 2603 -1693 979 1889 -971 -1296 4745 -1573 -459 681 -2236 227 -741 -2089 -1342 2866 1678 -6560 -3914 805 315 4531 -649 -3322 -1509 1605 -1801 -3380 -3288 4332 3455 214
BANK 1 1173 -1118 -902 974 -1481 -3453 1658 -4296 -1712 -4746 -668 205 4682 -2237 -2077 -4589 -1291 -417 1359 -1762 984 6317 250 -875 -3094 -926 2626 626 -3942 -611 3969 -1270
VECTOR 0 0 0 5181 5181 5181 5181 5181 15543 5181 5181 3991 867 0 -723 -1447 0 -2241 -2051 0 -4610 -2197 0 8.59059019436874327e-05 1.63285350178980803e-04
VECTOR 1 0 0 15543 -5181 -15543 -15543 5181 -5181 -5181 5181 1077 -3255 0 740 940 0 6782 -1626 0 -3252 10349 0 5.50956422045193473e-05 1.57803196931757448e-04
VECTOR 2 0 0 -15543 -15543 5181 -5181 -5181 5181 15543 15543 3542 2536 0 -2651 2440 0 -7795 1023 0 4060 481 0 7.28489146011603820e-05 1.75935826828816299e-04
VECTOR 3 0 0 -5181 -15543 15543 -15543 -5181 -5181 5181 -5181 1192 -2352 0 -1059 4782 0 -9626 2582 0 655 -1929 0 5.94742059773685979e-05 8.27932406726457988e-05
VECTOR 4 0 0 -5181 15543 15543 5181 5181 -5181 -15543 15543 -2612 10997 0 -5035 -5561 0 7025 7061 0 -4836 -231 0 5.00525687658021911e-05 1.06076304467119545e-04
VECTOR 5 0 0 -15543 -5181 15543 -5181 5181 15543 -15543 -5181 -5555 926 0 2528 -3237 0 -11758 12782 0 -9198 -6727 0 4.23154450490294260e-05 9.65528901271661010e-05
VECTOR 6 0 0 15543 15543 -15543 -15543 -5181 -5181 -5181 5181 3833 857 0 347 1681 0 14881 -2369 0 -3203 5701 0 3.33287354557567438e-05 1.01264145239540106e-04
VECTOR 7 0 0 15543 -15543 -5181 15543 -5181 15543 15543 -5181 4302 -7248 0 2552 1989 0 -10222 -15863 0 4143 -3064 0 4.11549908337601857e-05 9.38711735801678001e-05
VECTOR 8 0 0 5181 -15543 -15543 -15543 15543 5181 -15543 5181 -4435 -4269 0 3162 -2803 0 -684 6627 0 -8287 10814 0 4.86229172930182526e-05 7.95830682021670045e-05
VECTOR 9 0 0 -15543 15543 15543 -15543 -5181 15543 15543 -15543 6403 -1566 0 1545 5205 0 -6483 8622 0 -4595 -12016 0 3.91344707512458002e-05 1.10575891623254251e-04
VECTOR 10 0 0 15543 -15543 -15543 -15543 15543 15543 -5181 -5181 37 -9950 0 5157 -179 0 -4999 987 0 -9661 7699 0 5.19181310584590952e-05 1.13464240185332286e-04
VECTOR 11 0 0 5181 -5181 15543 5181 5181 5181 5181 -15543 730 -4973 0 598 1153 0 -10201 -1981 0 -1723 -5671 0 6.76702949272042211e-05 1.53162444843984004e-04
VECTOR 12 0 0 5181 5181 15543 15543 15543 15543 15543 -15543 3813 -5136 0 28 -528 0 -9638 -2432 0 -3235 -6969 0 6.50039720689694135e-05 1.87013770623934924e-04
VECTOR 13 0 0 -15543 -5181 15543 -5181 15543 15543 -5181 5181 -2173 2113 0 -602 -3594 0 -9869 13137 0 -9227 -1667 0 4.58889708456402000e-05 9.05220293533013498e-05
VECTOR 14 0 0 -5181 -15543 5181 -5181 -15543 15543 -5181 -15543 -2364 -5342 0 5984 2645 0 -15281 -359 0 -1519 -10149 0 5.43577240817342023e-05 1.15612039432192731e-04
VECTOR 15 0 0 15543 -15543 5181 15543 -15543 -15543 5181 -5181 76 -2397 0 -1509 3047 0 -3889 -16716 0 11117 -1839 0 4.46491780197582624e-05 9.09395687029079721e-05
VECTOR 16 0 0 -5181 15543 5181 15543 -5181 -15543 5181 5181 376 6865 0 -4501 -855 0 8735 -2780 0 7766 -1807 0 5.23744484975058205e-05 8.31300252312069065e-05
VECTOR 17 0 0 5181 15543 -15543 15543 -15543 -5181 -15543 -15543 -5774 -402 0 5149 -1786 0 8301 -5590 0 4330 -5977 0 5.39307058106014322e-05 1.18289628870707779e-04
VECTOR 18 0 0 5181 5181 5181 15543 -15543 5181 -15543 -15543 -4787 -273 0 4073 -1678 0 -3664 -5434 0 327 -11377 0 4.84419438608588818e-05 1.03684958944598606e-04
VECTOR 19 0 0 5181 15543 15543 -5181 5181 15543 -15543 15543 1869 8079 0 -2539 -4653 0 2864 5786 0 -13407 -2236 0 4.17913204827066300e-05 1.40623902225163732e-04
VECTOR 20 0 0 15543 5181 -5181 -5181 -15543 5181 5181 -15543 4632 -5766 0 3786 5063 0 70 -9343 0 607 -5676 0 5.63885413608278390e-05 8.22860179460425787e-05
VECTOR 21 0 0 5181 -5181 -5181 -5181 -5181 -15543 -5181 5181 -1350 1063 0 -1380 1029 0 5403 -2508 0 3520 5397 0 8.66825368844751992e-05 1.39395521257716138e-04
VECTOR 22 0 0 -5181 -15543 -5181 -15543 5181 15543 -5181 15543 -33 208 0 1167 -1273 0 -5595 6108 0 -7082 5162 0 8.26182094480186219e-05 7.45172316718159322e-05
VECTOR 23 0 0 -5181 -5181 -5181 -5181 -5181 15543 -5181 5181 -537 292 0 2874 -808 0 -4255 2238 0 -3745 -1856 0 1.01533064282941958e-04 1.62692576881725231e-04
VECTOR 24 0 0 -15543 -5181 -5181 -15543 -5181 -15543 15543 15543 3549 3597 0 -4166 4358 0 5070 3652 0 7526 6962 0 3.99277778948574960e-05 1.23678938740990599e-04
VECTOR 25 1 147 -5181 -5181 15543 15543 -5181 5181 15543 -5181 -730 -3925 0 -5982 94 0 889 -2438 0 7386 843 0 7.47299097220085486e-05 1.54732934112553755e-04
VECTOR 26 1 147 -15543 -15543 -15543 -5181 15543 5181 15543 5181 1609 -7986 0 2450 491 0 -1568 8415 0 384 613 0 7.53248905624841756e-05 1.48197094586710755e-04
VECTOR 27 1 147 -15543 -5181 15543 15543 15543 -5181 5181 -15543 -9294 -4981 0 -1981 1521 0 6234 5589 0 657 1442 0 3.50236616264402192e-05 1.26925444754682229e-04
VECTOR 28 1 147 15543 -15543 -15543 15543 -5181 -5181 15543 -5181 -425 -6993 0 -11297 -8176 0 409 572 0 -2482 2934 0 4.23263936920356446e-05 1.28329703110944437e-04
VECTOR 29 1 147 5181 -15543 15543 -5181 -5181 -5181 5181 -5181 -2695 -580 0 -9909 -1038 0 1417 -3673 0 2739 2189 0 6.86285602011563179e-05 1.31998256544185722e-04
VECTOR 30 1 147 5181 -5181 -15543 -5181 15543 15543 -15543 15543 5554 -396 0 11544 3760 0 -6853 9512 0 -9285 -88 0 3.59951005157272690e-05 1.03561842838875319e-04
VECTOR 31 1 147 -5181 -15543 5181 -15543 -5181 15543 15543 15543 8600 -2411 0 -953 2649 0 -6466 -2147 0 8320 -51 0 5.30964530588273127e-05 1.37961760129509415e-04
VECTOR 32 1 147 -15543 15543 5181 15543 15543 -5181 5181 15543 841 -967 0 13152 -4715 0 7562 5545 0 2577 4663 0 3.96270083096108918e-05 1.31698850600720310e-04
VECTOR 33 1 147 -15543 -15543 -15543 5181 5181 5181 5181 -5181 -1836 -4704 0 -2229 5700 0 -1787 5675 0 -832 954 0 9.47837891080963884e-05 2.21233610403979275e-04
VECTOR 34 1 147 -15543 -15543 5181 -15543 5181 5181 5181 -15543 -4462 -3380 0 -5717 8117 0 -2850 1569 0 2478 -4086 0 5.44672883998189921e-05 1.76078322422841197e-04
VECTOR 35 1 147 15543 5181 15543 15543 -5181 15543 -5181 5181 4265 948 0 1798 460 0 -4238 -1894 0 228 -662 0 1.48724859870109612e-04 3.87494384485569359e-04
VECTOR 36 1 147 -5181 -5181 5181 5181 -5181 -15543 -5181 5181 -3291 4385 0 -2730 -1044 0 7143 -2163 0 1131 7889 0 6.51224882054008607e-05 1.26548597098831217e-04
VECTOR 37 1 147 -5181 -5181 15543 15543 15543 -5181 5181 15543 -401 -2542 0 5643 -5421 0 7077 5800 0 1110 8387 0 4.74038563622463470e-05 1.08817712503459619e-04
VECTOR 38 1 147 -15543 5181 -15543 -5181 5181 -15543 15543 -5181 -3125 -3494 0 -240 -4868 0 5775 1384 0 2472 -438 0 7.86940156425581334e-05 2.56839112361803264e-04
VECTOR 39 1 147 -5181 -5181 5181 15543 -15543 -15543 -15543 5181 -4019 8715 0 -4507 2850 0 7476 -4745 0 718 10740 0 6.17074895457518066e-05 1.12383296780452018e-04
VECTOR 40 1 147 -15543 -15543 -5181 5181 -5181 -5181 -15543 15543 -317 6563 0 1404 7460 0 3236 1366 0 -479 10856 0 3.66366576040091626e-05 1.06971659740136182e-04
VECTOR 41 1 147 5181 -15543 5181 15543 5181 -15543 -5181 -15543 -10243 -1915 0 -9788 -2173 0 6692 2929 0 -5906 5514 0 4.87607825701345902e-05 6.38785565626939496e-05
VECTOR 42 1 147 5181 5181 -5181 -15543 5181 15543 15543 -15543 2239 -7580 0 -1356 -122 0 -8652 592 0 971 -12863 0 4.77527905708868646e-05 1.19534784327029496e-04
VECTOR 43 1 147 15543 5181 -15543 -5181 -5181 15543 15543 15543 12022 -4144 0 3600 -6202 0 -8176 -1219 0 1861 -4267 0 3.85684433943256642e-05 9.60947600699051590e-05
VECTOR 44 1 147 5181 15543 -5181 -15543 15543 -5181 -5181 -5181 -1739 -666 0 7307 -4051 0 461 3791 0 -5926 -6104 0 6.29217987660609063e-05 8.58032982281758700e-05
VECTOR 45 1 147 5181 5181 -5181 15543 5181 5181 -15543 -5181 -2222 845 0 3683 3043 0 -1235 4366 0 -7330 -468 0 6.26538033384684581e-05 1.71344460450800431e-04
VECTOR 46 1 147 5181 -5181 -5181 -5181 15543 -5181 15543 -15543 -4389 -9203 0 -4356 -6799 0 811 5018 0 -3276 -4646 0 3.11511891775812882e-05 1.02650681172199295e-04
VECTOR 47 1 147 -15543 -15543 -5181 15543 15543 -15543 -5181 -15543 -12093 -3301 0 -4239 2286 0 8088 8566 0 -6147 5903 0 4.16355597080726584e-05 1.15867908569249601e-04
VECTOR 48 1 147 -5181 5181 15543 15543 -5181 15543 -15543 5181 1733 5079 0 5277 9366 0 -2763 -814 0 1631 1313 0 7.14616754778161091e-05 1.85337779241309653e-04
VECTOR 49 1 147 -5181 -15543 -5181 -15543 -5181 -15543 -15543 -15543 -8678 4788 0 -9541 6283 0 2526 -1714 0 -4440 1911 0 4.46112422543907050e-05 1.04756035174517431e-04
END_BLOCK
BLOCK 17 20260825 64 184 25
BANK 0 -85 315 4450 468 2832 -3841 -1133 -936 -8461 1945 703 -1183 848 -2271 -599 2513 -608 -749 -2356 -4778 200 -2496 -1980 4635 3878 -1766 -73 16 -27 1167 -900 -1112
BANK 1 -3023 -1773 5606 -1533 1386 1374 2417 346 3156 3634 -1136 1450 5703 1131 705 347 2264 -1039 1406 1835 -4218 2679 -4087 -971 -1238 -781 -5576 -238 -1276 -1213 -3060 829
VECTOR 0 0 0 -7584 7584 -7584 12641 17697 -7584 7584 -2528 -1915 -2687 0 3579 -5317 0 4264 122 0 -1033 3446 0 1.04028883298521200e-04 1.27189698932492386e-04
VECTOR 1 0 0 -2528 17697 2528 17697 12641 12641 -7584 7584 5960 3869 0 2111 -11401 0 6551 -8657 0 1291 5363 0 4.83204644116064729e-05 9.59344992079768700e-05
VECTOR 2 0 0 17697 -7584 7584 -17697 -12641 -17697 -7584 -7584 -3623 -3348 0 -10858 4661 0 -7043 286 0 4538 -3556 0 4.03322433812537825e-05 1.18518391855735352e-04
VECTOR 3 0 0 12641 -12641 -2528 7584 17697 17697 -2528 -17697 5646 2575 0 1588 7259 0 9752 -1519 0 -719 -2016 0 6.67799851616734632e-05 1.54605752137514395e-04
VECTOR 4 0 0 17697 12641 17697 -7584 12641 -17697 -7584 7584 3682 -7393 0 -13113 -10139 0 -8606 -10552 0 7651 2163 0 2.93268031235812464e-05 9.11196813849976257e-05
VECTOR 5 0 0 12641 -12641 -12641 7584 -2528 -7584 17697 7584 -6478 -246 0 -8015 11662 0 -2488 6870 0 1765 -6186 0 4.64368057242044245e-05 1.30357679784595909e-04
VECTOR 6 0 0 -17697 -7584 -2528 17697 -17697 -17697 -2528 -2528 -8132 5843 0 8320 3999 0 3943 1353 0 -3755 -890 0 4.31221072447903169e-05 1.64071883422138267e-04
VECTOR 7 0 0 17697 2528 -7584 -17697 17697 -2528 -17697 12641 2717 -9145 0 -11769 -5177 0 -6218 -5407 0 6493 534 0 4.33227277948173555e-05 1.47610595389207992e-04
VECTOR 8 0 0 7584 -17697 -12641 -7584 -12641 -12641 -2528 2528 -7745 -1435 0 -5607 11244 0 -3974 5838 0 1183 -5832 0 4.48205812414073009e-05 1.21626336780148952e-04
VECTOR 9 0 0 2528 -12641 -2528 -12641 -2528 17697 -17697 7584 5273 747 0 980 4743 0 -1336 -2413 0 -510 -2635 0 8.60789674582940575e-05 1.71220099062033889e-04
VECTOR 10 0 0 -7584 -2528 -7584 -2528 -17697 17697 -2528 -7584 -1068 6841 0 6501 4103 0 5450 6129 0 -3639 -479 0 6.72274376948659862e-05 9.56794002711776700e-05
VECTOR 11 0 0 -17697 12641 7584 -17697 -2528 -2528 12641 -12641 -212 -4688 0 7681 -7315 0 -3384 6131 0 -4211 4646 0 5.50527246121563569e-05 1.12417984259768013e-04
VECTOR 12 0 0 -12641 7584 -12641 12641 -12641 12641 2528 -7584 -3704 8318 0 8167 -891 0 9931 5877 0 -3664 2413 0 5.32449787231955741e-05 1.11084823674785938e-04
VECTOR 13 0 0 7584 -12641 -2528 -7584 2528 -17697 -7584 2528 -3309 -5314 0 -5505 4763 0 -5171 -1102 0 2296 -3193 0 6.99079944306853733e-05 9.83154753784251108e-05
VECTOR 14 0 0 17697 7584 7584 -7584 -17697 2528 2528 17697 409 1675 0 -13634 -364 0 -8755 -908 0 5891 -2480 0 3.41782198250428228e-05 8.68623107824313749e-05
VECTOR 15 0 0 -17697 12641 2528 7584 -12641 2528 -12641 2528 -255 5674 0 8065 -8634 0 4126 -3413 0 -2138 4683 0 3.07718412707378266e-05 1.01982145289375705e-04
VECTOR 16 0 0 2528 -12641 12641 -17697 -7584 -7584 2528 -12641 183 -3135 0 -138 6665 0 -5628 2518 0 -1247 -3178 0 9.86070785135188062e-05 1.73725461186960726e-04
VECTOR 17 0 0 -12641 2528 17697 2528 17697 7584 17697 -17697 7353 -1689 0 11204 -2675 0 3016 -499 0 -5543 2986 0 6.47270235854549515e-05 1.38758357881464347e-04
VECTOR 18 0 0 12641 -17697 2528 2528 -17697 7584 -12641 2528 627 7101 0 -3926 11380 0 847 -2115 0 1426 -6114 0 5.39591428024412820e-05 1.18857258362280535e-04
VECTOR 19 0 0 -17697 -7584 12641 17697 2528 -17697 17697 -17697 -2781 1428 0 11605 3757 0 3856 1403 0 -5997 26 0 3.89905694639487859e-05 1.22615576852383830e-04
VECTOR 20 0 0 -2528 -2528 7584 12641 12641 2528 12641 -12641 2942 1240 0 5325 1780 0 5162 -611 0 -2670 358 0 4.92957580694969408e-05 1.73791327935924228e-04
VECTOR 21 0 0 12641 17697 -12641 -12641 12641 -7584 -7584 2528 -2402 -7659 0 -10591 -10668 0 -2328 -200 0 6076 4159 0 4.83283895346478802e-05 9.18225456792780384e-05
VECTOR 22 0 0 17697 -2528 17697 12641 -2528 2528 17697 -2528 3190 4486 0 -7207 5959 0 -700 -1966 0 2505 -3791 0 7.31909763511101309e-05 1.88022853128054620e-04
VECTOR 23 0 0 2528 2528 -2528 12641 -12641 -2528 -7584 -17697 -4374 7580 0 1186 825 0 9455 598 0 286 858 0 6.26540847451381667e-05 1.49469386026280062e-04
VECTOR 24 0 0 -12641 7584 -2528 17697 -2528 -7584 -12641 7584 -2180 3931 0 4914 -6734 0 4536 -5711 0 -427 3350 0 5.87484150749570922e-05 1.69101524016793586e-04
VECTOR 25 1 184 7584 -2528 -7584 -12641 -2528 -2528 7584 2528 -4387 -3863 0 3234 615 0 975 -3607 0 169 4537 0 9.86898152453899978e-05 1.57321991743477116e-04
VECTOR 26 1 184 7584 -7584 -12641 -12641 2528 -7584 12641 12641 -5280 -862 0 6818 -1675 0 -917 -5566 0 -575 3379 0 7.01845211865846983e-05 1.52751521284975406e-04
VECTOR 27 1 184 -2528 2528 -17697 -2528 12641 -17697 -17697 17697 -5983 2398 0 4889 -6365 0 3678 1568 0 6413 -2711 0 6.16637907990228318e-05 1.64183405398881331e-04
VECTOR 28 1 184 12641 -17697 -12641 2528 -7584 -12641 -7584 12641 -9303 3944 0 4652 -6439 0 5917 -5135 0 2972 -1141 0 6.60070259468897988e-05 1.31655435648896731e-04
VECTOR 29 1 184 12641 -7584 2528 7584 -2528 12641 17697 -2528 -188 3248 0 2333 5532 0 -5347 -5002 0 -4111 -2077 0 7.63732405586066806e-05 1.83231379931853944e-04
VECTOR 30 1 184 -2528 17697 -17697 -12641 2528 -2528 -2528 7584 -4964 -4598 0 -1281 1726 0 1513 -1139 0 6578 1808 0 7.65313277697145304e-05 2.01594542440947935e-04
VECTOR 31 1 184 2528 2528 12641 -7584 -12641 17697 7584 -7584 2148 -5039 0 -5414 7814 0 463 -4227 0 -3221 3444 0 5.95112809097359021e-05 7.43496042685724921e-05
VECTOR 32 1 184 7584 12641 7584 2528 -17697 7584 -12641 -17697 -824 -6718 0 -8945 5002 0 7638 2650 0 2681 1098 0 3.46478632504015836e-05 9.75385080396406166e-05
VECTOR 33 1 184 -2528 -17697 17697 -17697 -17697 -2528 12641 17697 3157 -2993 0 -2039 -2249 0 4894 -9228 0 -8998 6065 0 4.03056370321677062e-05 8.65856771368923595e-05
VECTOR 34 1 184 -17697 12641 7584 17697 -17697 -7584 12641 2528 9834 3443 0 -13451 -5531 0 -182 2916 0 -2056 -4176 0 4.52823636040576542e-05 7.11054864106381039e-05
VECTOR 35 1 184 -12641 -2528 17697 2528 12641 -2528 -12641 7584 7607 2742 0 545 -1849 0 90 4226 0 -4346 -3119 0 7.08846855956377645e-05 1.54362623003060961e-04
VECTOR 36 1 184 17697 2528 -12641 17697 -12641 -17697 12641 -2528 -3328 2193 0 -423 -4807 0 2384 1700 0 784 -3448 0 1.11481566890992494e-04 3.57816475262818362e-04
VECTOR 37 1 184 17697 -2528 7584 -12641 -12641 -12641 12641 -12641 -4 -10211 0 1847 -563 0 5771 1885 0 -5895 8460 0 4.85950827084376987e-05 9.54421955823404151e-05
VECTOR 38 1 184 7584 17697 2528 17697 7584 -17697 12641 -17697 7401 -1472 0 574 -2043 0 -2856 13228 0 -3699 -2997 0 4.91754501385059740e-05 1.01172515101280694e-04
VECTOR 39 1 184 -17697 7584 2528 -7584 -12641 -17697 -17697 2528 1992 -4874 0 -8589 -9013 0 9814 4710 0 3580 3761 0 4.74708331366227042e-05 1.37282845163233985e-04
VECTOR 40 1 184 -7584 12641 7584 -2528 2528 7584 -2528 -7584 4491 -3405 0 -4159 4034 0 -1022 3363 0 -222 667 0 8.70942276558817795e-05 1.66748043474347505e-04
VECTOR 41 1 184 12641 12641 2528 -2528 -17697 -2528 2528 -12641 -981 -8311 0 -5929 3046 0 6638 1772 0 109 3262 0 4.32883409649239208e-05 1.31053003182760323e-04
VECTOR 42 1 184 -12641 -12641 2528 -2528 -17697 17697 -2528 17697 -2135 5169 0 -7448 807 0 1293 -12593 0 1721 -1120 0 5.05830973558621280e-05 1.30254578219239474e-04
VECTOR 43 1 184 2528 -12641 -17697 2528 7584 12641 -7584 2528 -9244 6498 0 5681 1256 0 -4232 -5868 0 6900 -2170 0 5.05714283960559415e-05 6.00417082282175235e-05
VECTOR 44 1 184 -7584 12641 7584 -2528 12641 -12641 17697 7584 9706 -1603 0 1307 -1227 0 -4465 5241 0 -7052 -316 0 4.61598664374826225e-05 1.05395113294289575e-04
VECTOR 45 1 184 -17697 7584 7584 7584 -17697 -12641 -7584 7584 5675 806 0 -12062 -7775 0 6801 2589 0 703 -1926 0 4.54631207270047159e-05 8.96487953406554155e-05
VECTOR 46 1 184 12641 17697 7584 -12641 17697 -17697 2528 -12641 4616 -11493 0 6861 2332 0 1894 11862 0 -5397 4809 0 4.71238966880321308e-05 1.26797352404862777e-04
VECTOR 47 1 184 -7584 17697 -7584 -17697 -17697 2528 -12641 7584 -4670 -8209 0 -10333 2000 0 9151 -4129 0 7283 4215 0 4.80337264106092416e-05 1.32163349652139167e-04
VECTOR 48 1 184 2528 -12641 -17697 17697 17697 -7584 7584 12641 -3249 12637 0 9694 -5381 0 -8412 -1127 0 1491 -7628 0 4.01568901102329433e-05 7.59236821852501547e-05
VECTOR 49 1 184 12641 7584 12641 2528 17697 -2528 -17697 -12641 2415 -4053 0 5493 4631 0 2552 9626 0 -2480 -1867 0 7.21800072898627138e-05 1.53123767297224880e-04
END_BLOCK
BLOCK 18 20260826 4 221 25
BANK 0 1267 -239 -210 -4341 -4206 2 -2495 314 1690 3717 2718 3278 3 3902 -5928 1134 -1413 -4647 6 2288 -348 3219 2221 922 3659 3247 1331 -98 1429 577 -2842 2268
BANK 1 1464 -7027 -2118 -559 -1205 -426 1282 -6511 3413 -408 -633 815 562 -1100 1614 -1925 122 -7073 2587 -1151 -525 2399 -1692 -2552 -2711 -125 -2350 1318 -1195 1467 -6 1750
VECTOR 0 0 0 11585 11585 11585 -11585 -11585 11585 11585 -11585 -723 -3183 0 -3345 6456 0 4101 -6112 0 -661 8088 0 6.30442726144947549e-05 1.25063661867191064e-04
VECTOR 1 0 0 11585 11585 11585 11585 11585 -11585 11585 -11585 -529 2471 0 -2458 15813 0 4926 -1059 0 2314 8766 0 4.38656291792386378e-05 9.58821331397696639e-05
VECTOR 2 0 0 11585 -11585 -11585 -11585 11585 -11585 11585 11585 -7153 3586 0 1987 -3439 0 277 836 0 1678 -2171 0 7.89891590266509231e-05 2.51935742878157704e-04
VECTOR 3 0 0 -11585 -11585 -11585 11585 -11585 -11585 -11585 11585 6671 3181 0 3340 -11974 0 -3609 1560 0 -1360 -8904 0 4.78140700947440620e-05 1.12386377910837841e-04
VECTOR 4 0 0 -11585 -11585 -11585 11585 11585 -11585 -11585 11585 723 3183 0 3345 -6456 0 -4101 6112 0 661 -8088 0 6.30442726144947549e-05 1.25063661867191064e-04
VECTOR 5 0 0 11585 -11585 -11585 -11585 -11585 11585 11585 -11585 -764 1164 0 -1932 -570 0 -2479 -7350 0 2048 3053 0 1.03797743161569497e-04 1.73643413638853032e-04
VECTOR 6 0 0 11585 -11585 11585 -11585 11585 -11585 11585 11585 -7450 -2553 0 5831 1196 0 286 4071 0 3560 -2310 0 7.66445375240454362e-05 1.60884823257970719e-04
VECTOR 7 0 0 -11585 -11585 -11585 -11585 11585 11585 -11585 -11585 -4975 1061 0 4066 -1912 0 -4114 2471 0 2914 -3931 0 7.06829666264551740e-05 1.15561838469583993e-04
VECTOR 8 0 0 11585 11585 -11585 -11585 -11585 -11585 11585 11585 -867 5375 0 -3274 -6567 0 7341 -5715 0 -4935 2187 0 4.92407368787022313e-05 1.50767880502818228e-04
VECTOR 9 0 0 11585 -11585 -11585 -11585 -11585 -11585 11585 -11585 -761 7112 0 3586 -574 0 2073 -6857 0 2864 1032 0 7.42752882901486465e-05 1.41307952624672282e-04
VECTOR 10 0 0 -11585 11585 -11585 11585 11585 11585 11585 11585 -2471 -529 0 -15813 -2458 0 1059 4926 0 -8766 2314 0 4.38656291792386378e-05 9.58821331397696639e-05
VECTOR 11 0 0 11585 -11585 -11585 11585 11585 -11585 -11585 -11585 2958 6374 0 7338 7184 0 -4795 -3601 0 9043 523 0 6.17167361105507592e-05 1.27104400206367240e-04
VECTOR 12 0 0 -11585 -11585 11585 11585 -11585 11585 11585 -11585 3287 -4934 0 -5114 2653 0 -3708 2466 0 -1105 204 0 7.93805127285034015e-05 2.12653560409525871e-04
VECTOR 13 0 0 -11585 -11585 -11585 11585 11585 -11585 -11585 11585 723 3183 0 3345 -6456 0 -4101 6112 0 661 -8088 0 6.30442726144947549e-05 1.25063661867191064e-04
VECTOR 14 0 0 -11585 11585 -11585 -11585 -11585 -11585 -11585 -11585 1314 8798 0 4323 -5044 0 7502 -3588 0 -2883 -1593 0 5.00450758010547974e-05 1.32168203171436163e-04
VECTOR 15 0 0 11585 -11585 -11585 -11585 11585 11585 -11585 11585 -3627 -2806 0 4852 -5039 0 -7416 -960 0 4881 -3358 0 4.61788649707077341e-05 1.43061648638084614e-04
VECTOR 16 0 0 11585 -11585 -11585 11585 -11585 11585 11585 -11585 5375 867 0 -6567 3274 0 -5715 -7341 0 2187 4935 0 4.92407368787022313e-05 1.50767880502818228e-04
VECTOR 17 0 0 -11585 11585 -11585 11585 -11585 -11585 -11585 -11585 7453 8501 0 -313 -1201 0 4267 -3579 0 -2744 289 0 7.17336408622065361e-05 1.52293834209643516e-04
VECTOR 18 0 0 -11585 -11585 11585 11585 -11585 11585 11585 -11585 3287 -4934 0 -5114 2653 0 -3708 2466 0 -1105 204 0 7.93805127285034015e-05 2.12653560409525871e-04
VECTOR 19 0 0 -11585 11585 -11585 11585 -11585 -11585 -11585 11585 7009 4972 0 -1916 -9584 0 2963 -438 0 -5952 -3730 0 5.25203734893809346e-05 8.63111505933453102e-05
VECTOR 20 0 0 -11585 -11585 11585 11585 11585 -11585 11585 -11585 -2659 1017 0 409 8167 0 352 7511 0 1732 -1001 0 6.99047028652304274e-05 1.86015131567075987e-04
VECTOR 21 0 0 -11585 -11585 11585 11585 11585 -11585 11585 -11585 -2659 1017 0 409 8167 0 352 7511 0 1732 -1001 0 6.99047028652304274e-05 1.86015131567075987e-04
VECTOR 22 0 0 11585 -11585 -11585 -11585 11585 11585 11585 -11585 -6712 1167 0 -1928 4948 0 -2971 -2797 0 4069 3869 0 8.52898965281262628e-05 1.65682638940255282e-04
VECTOR 23 0 0 11585 11585 11585 11585 -11585 11585 -11585 11585 8501 -7453 0 -1201 313 0 -3579 -4267 0 289 2744 0 7.17336408622065361e-05 1.52293834209643516e-04
VECTOR 24 0 0 11585 -11585 11585 -11585 11585 -11585 11585 -11585 -7006 976 0 7434 9580 0 1590 931 0 6768 1709 0 6.01020755222722483e-05 1.41925160978300399e-04
VECTOR 25 1 221 11585 -11585 -11585 -11585 11585 11585 -11585 -11585 -8892 -1567 0 1821 -2991 0 -10234 -1777 0 -52 1517 0 5.99781684603675977e-05 8.15257702915157427e-05
VECTOR 26 1 221 11585 -11585 -11585 -11585 11585 -11585 11585 -11585 -7682 -9071 0 2548 -6508 0 -9234 -4643 0 2014 5682 0 4.39971107238714700e-05 8.44747601996614580e-05
VECTOR 27 1 221 -11585 -11585 -11585 -11585 11585 -11585 -11585 -11585 -11565 10075 0 -4561 -3209 0 -7014 8968 0 5856 3384 0 3.15517176116902008e-05 7.41479668634704916e-05
VECTOR 28 1 221 11585 -11585 11585 -11585 11585 11585 11585 11585 -867 -9752 0 5931 -2278 0 -5359 -9406 0 -5859 5848 0 3.75819052712112969e-05 1.03498720071745453e-04
VECTOR 29 1 221 11585 -11585 11585 11585 -11585 -11585 -11585 -11585 -9995 -3046 0 -2577 -1973 0 -812 -2396 0 -1475 -327 0 8.00430537419557022e-05 1.94375124651843177e-04
VECTOR 30 1 221 -11585 -11585 11585 -11585 -11585 -11585 11585 -11585 -11043 679 0 -3968 -3223 0 -5006 339 0 4214 5648 0 5.55834003634648400e-05 7.93391878316606735e-05
VECTOR 31 1 221 11585 -11585 -11585 -11585 -11585 -11585 11585 11585 3230 -6655 0 4476 -2670 0 -4882 -10429 0 1229 3599 0 3.51224485674480515e-05 1.60644371733245303e-04
VECTOR 32 1 221 11585 11585 11585 -11585 11585 -11585 -11585 11585 6655 3230 0 2670 4476 0 10429 -4882 0 -3599 1229 0 3.51224485674480515e-05 1.60644371733245303e-04
VECTOR 33 1 221 -11585 11585 -11585 11585 11585 11585 -11585 11585 8973 9259 0 -858 3800 0 4833 9664 0 -380 -5471 0 4.68184514758104091e-05 9.68187697314837998e-05
VECTOR 34 1 221 11585 -11585 11585 -11585 11585 -11585 -11585 -11585 -12490 -653 0 -629 -2633 0 -3183 -2662 0 -1301 5071 0 5.04265437595121771e-05 1.17978660079343006e-04
VECTOR 35 1 221 -11585 -11585 -11585 11585 -11585 11585 -11585 -11585 -8468 5978 0 -4952 -1754 0 -8036 8491 0 3608 -3704 0 5.61016964460627231e-05 1.11206787146676716e-04
VECTOR 36 1 221 11585 -11585 11585 11585 -11585 -11585 -11585 11585 -788 -1233 0 146 310 0 2797 -4789 0 -3950 -335 0 1.10932215524913659e-04 4.12177399699465970e-04
VECTOR 37 1 221 11585 11585 -11585 -11585 11585 11585 11585 11585 12066 -6891 0 7403 1396 0 985 -7606 0 -2359 150 0 3.12264238610093154e-05 8.38387675606791657e-05
VECTOR 38 1 221 11585 11585 11585 11585 11585 11585 -11585 11585 8048 -1469 0 3073 4375 0 8664 -1966 0 -7538 -3784 0 5.82013538278799869e-05 1.42334152297348652e-04
VECTOR 39 1 221 11585 -11585 -11585 -11585 11585 11585 11585 11585 2128 -8962 0 6826 -3431 0 -9018 -7779 0 -2536 3984 0 5.10565855961730275e-05 1.08676256016307330e-04
VECTOR 40 1 221 11585 11585 11585 -11585 -11585 11585 -11585 11585 8962 2128 0 3431 6826 0 7779 -9018 0 -3984 -2536 0 5.10565855961730275e-05 1.08676256016307330e-04
VECTOR 41 1 221 11585 -11585 -11585 11585 -11585 11585 -11585 -11585 -6398 -3960 0 -126 -2331 0 -7864 -1511 0 -226 -3881 0 7.60489039030248180e-05 1.24810041974999613e-04
VECTOR 42 1 221 -11585 11585 -11585 11585 -11585 -11585 -11585 -11585 867 9752 0 -5931 2278 0 5359 9406 0 5859 -5848 0 3.75819052712112969e-05 1.03498720071745453e-04
VECTOR 43 1 221 -11585 -11585 -11585 -11585 11585 11585 -11585 11585 -1755 10184 0 -283 -132 0 -6797 5833 0 1307 1686 0 6.27071476915424484e-05 1.41809227018658928e-04
VECTOR 44 1 221 -11585 11585 11585 -11585 11585 -11585 -11585 11585 4585 13167 0 -2157 5053 0 10256 5120 0 235 1406 0 4.45927729271123038e-05 5.44918998799211798e-05
VECTOR 45 1 221 11585 -11585 -11585 -11585 11585 11585 11585 -11585 -7079 -10775 0 4104 -5713 0 -12627 -5386 0 -61 3992 0 4.00904715155075576e-05 7.23475998680710186e-05
VECTOR 46 1 221 11585 -11585 -11585 -11585 -11585 11585 11585 -11585 -5375 -10172 0 3309 -4158 0 -11884 -8779 0 1629 1918 0 4.08527740748819597e-05 1.07822042508596427e-04
VECTOR 47 1 221 -11585 -11585 11585 -11585 -11585 11585 -11585 -11585 -12254 8182 0 -4695 294 0 -6005 3205 0 2148 1483 0 4.85024797933825456e-05 1.15089313941826225e-04
VECTOR 48 1 221 -11585 11585 -11585 -11585 -11585 11585 -11585 -11585 679 11043 0 -3223 3968 0 339 5006 0 5648 -4214 0 5.55834003634648400e-05 7.93391878316606735e-05
VECTOR 49 1 221 -11585 -11585 11585 11585 11585 11585 -11585 11585 -3960 6398 0 -2331 126 0 -1511 7864 0 -3881 226 0 7.60489039030248180e-05 1.24810041974999613e-04
END_BLOCK
BLOCK 19 20260827 16 3 25
BANK 0 5014 -2801 -1308 3335 943 2241 1037 2075 2111 -2185 2514 536 -3708 1714 -1694 684 -2909 -3741 2521 139 1 325 1180 500 3299 -1176 2058 -3716 4171 -915 4347 -5141
BANK 1 1515 -296 -145 3998 -2267 -1241 -1927 -2372 2241 -32 -6371 2358 1653 -3928 492 292 6818 1695 -3073 1088 -1750 2953 -1573 -3572 -1077 2066 -2248 -912 116 3099 -2035 -1134
VECTOR 0 0 0 -15543 -15543 -15543 5181 -5181 -5181 15543 5181 -6490 -4387 0 -6739 1100 0 -2161 7718 0 -881 -2370 0 6.85597989891160580e-05 1.45327164720710839e-04
VECTOR 1 0 0 15543 -5181 -15543 5181 -5181 15543 -5181 15543 -663 -7307 0 -1809 -8337 0 -7534 -1104 0 5032 12013 0 4.38507715924965966e-05 1.36572490186373893e-04
VECTOR 2 0 0 -5181 15543 15543 5181 -5181 -5181 -5181 -5181 -485 6402 0 6087 4947 0 6704 -1282 0 -1409 -151 0 5.84342105241042223e-05 9.44403587393827199e-05
VECTOR 3 0 0 5181 -15543 15543 15543 5181 15543 -5181 15543 -9601 -1789 0 -2441 -4599 0 -3365 5165 0 11095 4343 0 5.63938578429075491e-05 1.62351925386631314e-04
VECTOR 4 0 0 -15543 -5181 5181 5181 -15543 -5181 -15543 -15543 -6312 -3664 0 4248 2874 0 1787 3408 0 -14923 -150 0 5.63133274397284290e-05 9.41642631447181348e-05
VECTOR 5 0 0 5181 15543 5181 15543 -5181 15543 -5181 15543 -4055 4198 0 2460 -2017 0 2138 -648 0 9386 13531 0 4.35243163260836592e-05 1.40074929254962164e-04
VECTOR 6 0 0 -15543 -5181 -15543 -15543 5181 -5181 -15543 15543 -3183 -1426 0 -4242 -2030 0 -2174 2693 0 -7196 9038 0 6.78126168758077261e-05 1.56540159554672848e-04
VECTOR 7 0 0 5181 -5181 15543 5181 -5181 15543 -5181 5181 -5004 137 0 2058 -4867 0 -595 779 0 3599 2957 0 6.49322820342402082e-05 1.43347292132510099e-04
VECTOR 8 0 0 5181 5181 5181 5181 15543 -5181 5181 5181 2278 4153 0 -1744 3420 0 1335 -422 0 9909 -2291 0 6.38895825602219973e-05 1.30113056145826059e-04
VECTOR 9 0 0 15543 -5181 5181 -15543 15543 15543 -5181 -5181 5718 89 0 -1777 -6528 0 -3536 -5199 0 1708 -1946 0 6.15154290076660716e-05 1.18825546892581475e-04
VECTOR 10 0 0 15543 5181 5181 5181 5181 15543 5181 -15543 4643 845 0 634 -1593 0 -284 -4485 0 4012 -2679 0 6.88773217606097719e-05 2.05120380147288825e-04
VECTOR 11 0 0 -5181 -5181 5181 -15543 5181 15543 15543 -5181 91 4839 0 -4244 -3983 0 1636 -40 0 396 -6383 0 8.96078514167103122e-05 1.59748923473397960e-04
VECTOR 12 0 0 15543 -15543 -15543 5181 5181 -5181 -15543 -15543 4277 -13533 0 -999 -1116 0 -9286 -1615 0 -6735 -924 0 4.13316182781474307e-05 9.88071754565156675e-05
VECTOR 13 0 0 -15543 -5181 -5181 15543 15543 -15543 15543 -5181 -3732 1648 0 -7279 9949 0 2234 7225 0 4960 -7877 0 3.87633311556860653e-05 1.04198297805616234e-04
VECTOR 14 0 0 -5181 5181 15543 5181 -15543 15543 -5181 15543 -8312 4318 0 4017 -4305 0 3294 1846 0 2870 9115 0 4.12918307406841850e-05 8.56995629330002570e-05
VECTOR 15 0 0 -5181 -5181 15543 -5181 -5181 15543 -5181 15543 -7378 3391 0 629 -6146 0 1016 2297 0 2414 5148 0 5.99778260573910000e-05 1.10123219973331355e-04
VECTOR 16 0 0 5181 -5181 -5181 5181 5181 -5181 15543 15543 81 -577 0 -3874 23 0 -2196 2186 0 11226 -1951 0 6.23092604029921543e-05 1.08064723761785368e-04
VECTOR 17 0 0 -15543 -5181 -15543 -5181 15543 -5181 -15543 -15543 -759 -2803 0 -5629 3859 0 -1312 2254 0 -11962 1513 0 5.11815695718551039e-05 1.21934732871407334e-04
VECTOR 18 0 0 5181 15543 5181 5181 5181 5181 -5181 -15543 4005 3879 0 2836 3036 0 3381 -4276 0 -659 765 0 7.28628751973092455e-05 1.15760710988462308e-04
VECTOR 19 0 0 15543 5181 5181 -5181 15543 -5181 -15543 15543 4934 1240 0 1641 -1488 0 -2226 -4269 0 7398 4916 0 7.61393986997010861e-05 1.67532317674951931e-04
VECTOR 20 0 0 -15543 -5181 -5181 5181 -15543 -15543 15543 -15543 -2100 -2432 0 527 6178 0 2637 4268 0 -8555 -10192 0 6.68101998938323816e-05 1.54756770018113623e-04
VECTOR 21 0 0 5181 15543 -5181 -5181 -5181 5181 -15543 -15543 5689 -133 0 5001 -409 0 1128 -6480 0 -9698 5644 0 5.33989522108511020e-05 9.84458763769984879e-05
VECTOR 22 0 0 -15543 15543 -5181 -5181 -15543 5181 15543 -5181 -594 6586 0 1030 1497 0 6729 -259 0 -5009 705 0 8.07904699572683496e-05 1.81840797698598210e-04
VECTOR 23 0 0 15543 5181 15543 -15543 -5181 -15543 15543 15543 8408 4682 0 6130 -1264 0 1900 -5239 0 8743 -9971 0 4.56382663807753877e-05 1.05579033350456552e-04
VECTOR 24 0 0 -15543 15543 -5181 -15543 -5181 5181 5181 5181 143 8174 0 -338 -513 0 5755 -1217 0 -4219 4825 0 6.64575774258887919e-05 1.62233587021195640e-04
VECTOR 25 1 3 -5181 5181 5181 5181 15543 -15543 -15543 -5181 -3946 5624 0 -5991 -6277 0 -2504 9340 0 3887 2556 0 5.42216687377577642e-05 1.25187258302110975e-04
VECTOR 26 1 3 -5181 15543 15543 5181 15543 5181 -5181 -5181 -3499 4743 0 -4721 -1093 0 -10249 9867 0 -4049 728 0 5.02771509085272989e-05 7.71597112698119397e-05
VECTOR 27 1 3 5181 15543 15543 -15543 15543 -5181 5181 -5181 513 4673 0 -2494 6084 0 -3688 13674 0 -5210 4087 0 5.06115298626794356e-05 1.06592379591050824e-04
VECTOR 28 1 3 -5181 -5181 5181 5181 15543 15543 -15543 -15543 -3278 1583 0 1626 -4870 0 -9294 2702 0 -1404 4744 0 7.61192683016867564e-05 1.25655724128546123e-04
VECTOR 29 1 3 -5181 15543 -15543 -15543 5181 -15543 -15543 -5181 2916 2493 0 4025 2700 0 2794 14295 0 4197 3912 0 4.75597964637047724e-05 9.34694468188590347e-05
VECTOR 30 1 3 -5181 -5181 -15543 15543 5181 15543 15543 -5181 -6346 -8500 0 7896 -8532 0 -5714 -10257 0 -1201 -922 0 4.67137050976186634e-05 1.00206620754059574e-04
VECTOR 31 1 3 -5181 -15543 15543 5181 5181 -15543 -15543 15543 22 4584 0 -11476 -4514 0 3322 -2453 0 6439 -1192 0 6.02573020972650935e-05 1.01353137027399047e-04
VECTOR 32 1 3 -5181 -5181 -15543 -5181 15543 15543 15543 -15543 -4223 -7882 0 12109 -3269 0 -7703 -3508 0 -2998 5168 0 4.76597784009992755e-05 1.01163728865552650e-04
VECTOR 33 1 3 -15543 -15543 5181 -5181 -15543 5181 -15543 5181 4622 2255 0 -4310 4792 0 -2140 -7224 0 3182 -2987 0 8.39377330489765610e-05 1.80748966504758413e-04
VECTOR 34 1 3 -15543 5181 15543 5181 5181 5181 -5181 -5181 -3211 4757 0 -7204 -6 0 -12383 2616 0 -2134 -1858 0 3.93258613266057831e-05 9.28609871938982441e-05
VECTOR 35 1 3 -15543 -5181 -5181 5181 -15543 -5181 -15543 15543 3087 808 0 -4421 -45 0 2171 -5431 0 6551 -5873 0 7.43689133241844601e-05 1.27116140549919421e-04
VECTOR 36 1 3 -15543 5181 15543 15543 -15543 -5181 5181 5181 -3375 4950 0 -13144 384 0 -7725 -5210 0 -314 -9277 0 3.06853846433031519e-05 9.09171203879047203e-05
VECTOR 37 1 3 5181 -5181 15543 -15543 -5181 -15543 15543 -5181 1002 4260 0 -6798 7358 0 1542 163 0 -2071 739 0 7.34845945881370573e-05 1.64440413045006473e-04
VECTOR 38 1 3 -5181 5181 5181 15543 -5181 15543 -5181 15543 530 -1137 0 -2179 -1395 0 -3058 -3908 0 -1416 -5857 0 6.80178002986468202e-05 2.03579992753525393e-04
VECTOR 39 1 3 -15543 -5181 -15543 -15543 -15543 15543 5181 -5181 4368 -4968 0 8551 8360 0 -4753 -6975 0 -1110 -1167 0 5.26099716315718552e-05 1.14945031309726463e-04
VECTOR 40 1 3 15543 5181 15543 -5181 5181 -15543 15543 -5181 -1815 4154 0 -5807 2241 0 2987 5471 0 -3409 1903 0 6.74266348258265648e-05 1.76843834410564610e-04
VECTOR 41 1 3 -5181 -5181 -5181 15543 15543 -5181 -15543 15543 -2784 -1826 0 -1359 -11548 0 2474 -700 0 6666 -108 0 6.82092016186862209e-05 1.31225938856511880e-04
VECTOR 42 1 3 15543 15543 -15543 5181 15543 -5181 15543 -5181 -4530 -4784 0 8340 -6284 0 4083 6536 0 -1760 3564 0 5.92039042502284760e-05 1.02946602481344748e-04
VECTOR 43 1 3 -5181 5181 -15543 5181 -15543 -15543 -15543 5181 2039 1703 0 -1254 -1496 0 6963 1366 0 7227 -3457 0 6.14163907031211784e-05 1.32935491105375212e-04
VECTOR 44 1 3 -15543 15543 -5181 5181 5181 15543 -5181 -15543 -3555 443 0 3544 -837 0 -13694 5440 0 -3274 -25 0 4.76760864469793583e-05 7.63524021927048708e-05
VECTOR 45 1 3 -15543 5181 -15543 -15543 5181 -5181 -15543 -5181 2555 289 0 5071 2349 0 -2313 7804 0 4224 3360 0 8.96228547442630424e-05 1.83370479005987383e-04
VECTOR 46 1 3 5181 15543 5181 15543 -5181 -15543 5181 -15543 -6399 6091 0 -7329 -3883 0 -1987 5522 0 -962 -2307 0 5.52013254602588634e-05 1.22259673445721927e-04
VECTOR 47 1 3 15543 -15543 15543 5181 5181 -5181 -5181 15543 1505 1275 0 -5846 -3324 0 9083 -3675 0 1830 777 0 5.06995169928001432e-05 1.35654097930680572e-04
VECTOR 48 1 3 15543 -15543 -15543 15543 -15543 5181 -15543 5181 2622 -3547 0 5018 -6310 0 13307 -9271 0 5135 -757 0 4.58339598646403598e-05 1.15119589101223986e-04
VECTOR 49 1 3 -5181 -15543 -5181 5181 5181 5181 5181 15543 -662 -6341 0 2173 -5036 0 1484 -10561 0 2789 -1327 0 6.59897370832896618e-05 1.03453650097321502e-04
END_BLOCK
END_STAGE12
